source_id,ra,ra_error,dec,dec_error,parallax,parallax_error,pmra,pmdec,phot_g_mean_mag,bp_rp,radial_velocity,radial_velocity_error,phot_variable_flag,teff_val,a_g_val
1360113239523748608,258.926192044811,0.05239631489742514,42.3657380190118,0.062225984443295884,5.447917603010068,0.0646209728281917,-1.7640779649828644,13.002062418360502,16.5942,2.589655,,,"NOT_AVAILABLE",3759.74,0.232
1360113784982850816,259.0399413618041,0.08297148157556125,42.25820554656737,0.09510967138854111,5.451243048854177,0.10097241358804347,2.009151974823274,-50.09895978528722,17.759825,2.732193,,,"NOT_AVAILABLE",,
1360127563239079808,259.4358488840613,0.2378042236403288,42.417887549235665,0.2573790655375511,7.470260170142389,0.26652221815662136,5.925571656522427,-35.27197565508689,19.19965,2.9434128,,,"NOT_AVAILABLE",,
1360097773344574592,259.18636252979985,0.019034921174238818,42.17568878826881,0.021897751641582964,5.362387006208908,0.022977090055385396,-26.183178442172363,-51.22226086501823,12.185655,1.0366154,7.56537959639744,0.963481560673584,"NOT_AVAILABLE",5127.3335,0.008
1360107295288989696,258.90600607271506,0.02857876591600024,42.180244706537145,0.030278078728395677,5.777011919149273,0.03349239277266475,-17.33971456399223,-58.59444911359665,15.56916,2.229926,,,"NOT_AVAILABLE",3527.5,0.172
1360124505221018112,259.5610674244997,0.02382578133981292,42.33993642072895,0.02927812435472863,8.85800862081054,0.028104837077978003,26.413733402469866,-4.24933460054633,14.528624,2.3182945,,,"NOT_AVAILABLE",3605.0,0.383
1360129938356716160,259.6474262410796,0.08516247590753215,42.553829282878034,0.08842297640853362,5.200512853398172,0.08784348753132173,32.68524169617391,57.393892077887074,17.177277,3.2226524,,,"NOT_AVAILABLE",,
1360117397052152832,259.2435253787424,0.018621486401709023,42.43513479748319,0.02099860760668225,6.633078922761207,0.02252355516781621,-35.16062238709176,24.769805854854695,11.347285,1.0090399,-53.07251804647165,0.6938261585587635,"NOT_AVAILABLE",5094.4,0.194
1360107467087674880,258.9702017053776,0.22276289511161515,42.186731173563075,0.25956750423738745,8.127202979844652,0.27536634232430734,7.971964336789227,13.004941313586915,19.393202,3.8010273,,,"NOT_AVAILABLE",,
1360126742900971776,259.36491915387995,0.03498496631710868,42.3399641157027,0.03976914030741717,9.262308101009248,0.03981671565851801,8.142020715501191,15.691496844081758,15.882958,2.535966,,,"NOT_AVAILABLE",3666.86,0.0987
1360100698219201280,259.08127210197824,0.2023762322125647,42.17300598654862,0.22245980090547138,5.228712153367168,0.23864634543188082,-24.71666616607481,-73.51054851384302,19.347708,3.329502,,,"NOT_AVAILABLE",,
1360133133810720512,259.78596964355904,0.23714260912929472,42.566649874205545,0.23880112055474478,14.758407232982334,0.2508117616585071,-14.21342174350169,92.8102324299036,18.88777,4.0100136,,,"NOT_AVAILABLE",,
1360099628770444288,259.25942453331174,0.03466834663985459,42.23666456512703,0.03713295503018637,21.083673308390356,0.04026107869236212,-32.51685990276027,52.14228363321452,12.501649,2.4393215,-10.95268542671595,6.153110899942846,"NOT_AVAILABLE",3887.9934,1.015
1360097708921947776,259.19014143095615,0.018127534641138122,42.162361124198426,0.021360387152366312,20.939576477142417,0.02231915160381352,-33.28779211065232,51.99545898300428,9.266783,1.0682573,-17.458317368694498,0.7344499104521283,"NOT_AVAILABLE",5144.0,0.024
1360237381257833088,260.44984334950414,0.017997008405895912,42.91594880686986,0.021688430675798946,7.46758834249369,0.02158010398662076,-117.73888114477566,-52.73567820936344,10.311303,0.81962013,-8.580366943009746,0.35542627225193474,"NOT_AVAILABLE",5775.31,0.085
1360144502589284864,259.3710650699754,0.05988088878633182,42.57578978274371,0.059262725947596774,5.102274962057611,0.06597281231830877,-4.683150620268476,-1.4104322492930395,16.672794,2.6348677,,,"NOT_AVAILABLE",3929.82,0.1887
1360314037834241920,260.4466897584007,0.048697458203389984,43.480875586767496,0.061018999886498095,6.246591247895358,0.06246363351906274,-15.663493169772133,0.8756169605915355,16.525179,2.6082087,,,"NOT_AVAILABLE",3523.3333,0.02
1360216181300164224,259.26848255839417,0.030576216670091794,43.0250260508371,0.03387605042072537,7.8740911736313635,0.035285444841545374,19.474754783262828,-50.34824284820476,15.469583,2.5236263,,,"NOT_AVAILABLE",3588.0898,0.3157
1360262841824054528,260.5113459789757,0.013711619460005943,43.368613256495415,0.014556213440883368,5.301767171907723,0.015254995932443123,-3.77387568003052,17.059836289878067,14.005515,1.6803465,,,"NOT_AVAILABLE",4077.0,0.046
1360219308036293760,259.5545406143392,0.03375701870731279,43.046557649642885,0.03390144651554953,6.627342424102412,0.038412444055604955,10.250611700862617,-100.87490986640877,15.323362,2.3727398,,,"NOT_AVAILABLE",3935.3699,0.204
1360143922770250240,259.60364698232,0.04495235766194036,42.6677082613292,0.047718225732242416,5.984337680980578,0.05017452884943021,-59.565481077409046,-66.31591556168931,16.307606,2.4891443,,,"NOT_AVAILABLE",4025.4167,0.0955
1360251571829774080,260.0318973899226,0.011508718205013705,43.03682178973542,0.01355702898581074,8.563049851856864,0.013249113172164957,34.279558331747005,-4.0161025411777125,13.6443615,1.8853645,-3.8071809011650846,1.4161581848457767,"NOT_AVAILABLE",4304.19,0.2253
1360179343364098176,258.8924347298529,0.11226256231816967,42.68383394101508,0.12820946331763539,5.052617963630716,0.13194648883301718,0.8695050570906393,-0.8005315522916734,17.970848,2.7932587,,,"NOT_AVAILABLE",,
1360307715642367872,260.39149799652614,0.03850698806141953,43.30741467102598,0.04179537559225782,9.016444247752895,0.043371884683891276,3.2395482180492206,-11.194776614556005,15.317944,2.674077,,,"NOT_AVAILABLE",3304.5,
1360268579900329984,260.6181388185346,0.023523374423645237,43.18292409706317,0.028497335384165476,8.356511363204236,0.02796256215544552,4.194265199110166,36.67281772051619,14.990422,2.4983292,,,"NOT_AVAILABLE",3558.7366,0.429
1360312044969418880,260.332244009663,0.03132898213301321,43.39906469273545,0.032981668166784356,17.73020064946435,0.03468704139087262,-86.9335670534521,-23.699895382575697,13.019936,2.197794,-35.07527145069896,1.2845535426285895,"NOT_AVAILABLE",4039.87,0.113
1360210683741973888,259.2956829511593,0.19147587976024463,42.87986519117251,0.20304604633856999,6.7308010126592706,0.22260278066966271,25.07587515340931,6.708037315469544,19.115688,3.3951263,,,"NOT_AVAILABLE",,
1360327541211494272,260.4867508191044,0.06422884559154132,43.60884398170091,0.06831521009588054,6.093121392123433,0.07245316769670358,-11.72097718482377,7.309045872486339,16.87924,3.081295,,,"NOT_AVAILABLE",4185.8022,1.1743
1360158560018674816,258.6521258617036,0.13094598255453674,42.2711293691105,0.17564761116882618,7.296769302570121,0.16724247143074364,-14.623880911042715,45.52358968447621,18.242224,3.3033695,,,"NOT_AVAILABLE",,
1360313243265942016,260.3333067223195,0.13293180755763284,43.45411624153657,0.1636102256366452,9.737405227632522,0.1531286193634194,68.05522091271938,-0.3171936903320861,18.387745,0.43474388,,,"NOT_AVAILABLE",,
1360238579557071360,260.413065758844,0.2272699642535456,42.96092723592004,0.2668806412416553,5.440769157148606,0.25622649657990454,-21.233717072845614,52.31861684624326,19.327084,3.1643715,,,"NOT_AVAILABLE",,
1360183195949487488,258.80269004773476,0.10301050437596047,42.734686253120245,0.1167793997801639,15.085366528634825,0.11931535162580045,49.721902391933426,-51.04348775583579,17.45014,3.6884499,,,"NOT_AVAILABLE",,
1360191923324889984,259.07122237264514,0.042971206185548116,42.914531387160885,0.04415999644882511,12.096919192962638,0.04612169290159537,61.082177479404095,53.4589631278898,12.671591,2.0074406,-18.654371480404745,1.5095823448674293,"NOT_AVAILABLE",4139.15,
1360237067725277440,260.38692483394914,0.08236852207407346,42.888008596783145,0.10734361887393806,5.511017015119598,0.0982362436488844,-8.371019188401593,11.466495202146152,17.591156,2.8135033,,,"NOT_AVAILABLE",,
1360223912241254528,259.5815511643015,0.0425801848673092,43.17887389319328,0.043461632553588675,7.343027907024067,0.048494195941609454,16.400244751234155,13.97592169574036,15.626031,2.5543032,,,"NOT_AVAILABLE",3291.0,0.3315
1360260157468076928,260.31913981171755,0.07267263690148879,43.236891714419066,0.08200108826886711,5.222118157208428,0.07367384032248965,-4.679256712365522,-55.178191067195996,16.894226,2.5716448,,,"NOT_AVAILABLE",3666.9126,0.0403
1360312315551159936,260.31772664572134,0.11424784563899881,43.41229563282577,0.12342097100840085,16.751092036988506,0.12676027160829517,22.196718352068665,15.30852691246411,17.77714,4.3777523,,,"NOT_AVAILABLE",,
1360237480042069504,260.41879725444824,0.01962187635803779,42.9019993445988,0.022328986988205145,6.97300926056608,0.023044632734847876,-24.98761307675008,-23.071676457108516,11.716439,1.1234875,-47.92592484114654,0.7135769693264697,"NOT_AVAILABLE",4984.6733,0.1733
1360234529399527424,260.1656399974865,0.02283315015571047,42.851203639239074,0.022513662629037007,5.604285509635921,0.026059405317800932,-32.112952168895504,13.435215121669753,14.801891,2.0386772,,,"NOT_AVAILABLE",4040.9175,0.1393
1360243566010946176,260.4543655024588,0.017180395822935665,43.048804017116915,0.020709308959915382,5.123443877212456,0.020108974660140822,10.065384145433713,-29.23146180952002,14.875667,1.833004,,,"NOT_AVAILABLE",4267.467,0.382
1360217246452019840,259.41427381683246,0.05298756650560651,43.071549262329995,0.0549836450566515,11.45173686507739,0.05951545412555385,-16.70461818810255,251.46739336046429,16.424042,2.8043242,,,"NOT_AVAILABLE",3785.66,0.1995
1360239786439728640,260.6091318069028,0.023829268236155905,43.031174817374726,0.02739373341692172,8.921267071623888,0.027978800956034434,-39.51665514555271,-28.998375122821937,14.40378,2.3303394,,,"NOT_AVAILABLE",4039.5,0.3113
1360235560190381440,260.153248551189,0.12834672886238674,42.88751465661018,0.14078669134414393,19.011455135871767,0.14992091734159213,-123.42720200111508,24.666079312850705,18.427536,0.97925186,,,"NOT_AVAILABLE",,
1360158216421280768,258.7870320453482,0.02986641657960308,42.312124682085546,0.037140729389804415,25.350857600011693,0.038201603219243305,188.14907868551424,-25.618003945919305,14.127357,2.6755943,,,"NOT_AVAILABLE",3798.0024,0.166
1360231368302279808,260.2071483198907,0.25035083902368493,42.820813105467884,0.2714330303835966,11.628473254327908,0.3054000067813598,16.495334362337115,1.8995376164940967,19.088219,3.3621483,,,"NOT_AVAILABLE",,
1360195977773912576,259.45630505505073,0.017100994912013084,42.78096250288459,0.01775942501647302,6.02922875178685,0.019558693947112342,-31.754449371026443,61.77293934033496,11.249885,1.0941744,-18.256941054906193,1.0738583919515918,"NOT_AVAILABLE",5080.595,0.503
1360196939846587136,259.57237429637513,0.018330124248735383,42.88627183049257,0.018764443364139537,7.213591577445401,0.019962384640914623,-0.8338542524396901,-34.45370028760995,9.822541,0.78330326,-16.683133693633287,0.27202592736967285,"NOT_AVAILABLE",5915.1997,0.22
1360193194635101184,259.37597705394865,0.02160176410609574,42.67615655528962,0.021129970035796485,12.872782156669937,0.02433258957565883,-49.44113790144511,91.34052475174553,11.14925,1.3810425,-66.2867464306959,0.3816055562979133,"NOT_AVAILABLE",4639.877,0.306
1360298880894527616,260.0541122093126,0.023676688605248044,43.10480895153877,0.029082270588787894,8.503743177062926,0.027456933348579123,34.6989844991387,-3.743150966953917,12.266692,1.501277,-3.009062372729912,1.4378759561895478,"NOT_AVAILABLE",4579.48,
1360176495802119040,258.6058300671802,0.01691910037348188,42.50799354560557,0.019674740111055557,5.321927817902226,0.021123169386987384,16.35234209897237,-5.247993116041972,12.869379,1.291894,-8.555601770055258,1.4238093576093345,"NOT_AVAILABLE",4767.3066,0.224
1360177079917670528,258.7031585653312,0.06926962405287951,42.57038676095739,0.07271481386264073,6.0652483798920045,0.07252035990066835,40.428337252542896,-35.89349519269048,13.201113,,,,"NOT_AVAILABLE",,
1360177079917670784,258.70358402316594,0.020937293073675062,42.570857965909354,0.02252828145526205,6.163978465631823,0.023939258426871016,40.37637117863824,-36.80889076224649,10.987727,1.0754786,5.718465263718008,0.43382068568939147,"NOT_AVAILABLE",5001.2725,0.608
1360163198583364352,258.6997441449268,0.10395698823313272,42.42119800940134,0.14210973805578456,6.200149026397283,0.13894770142293184,-30.268046871362042,-6.64079286831427,18.107609,3.1473198,,,"NOT_AVAILABLE",,
1360154608648898944,259.6688991365221,0.07190208353278076,42.82965590085512,0.08093394496519155,5.401395766601107,0.0822004177496583,21.03646850504741,-10.746249672387503,17.27196,2.78117,,,"NOT_AVAILABLE",,
1360298885189532928,260.0543423569351,0.029064650735542995,43.10446832145202,0.02847653600766945,8.540183869197334,0.028406090811884024,34.195000607132926,-4.6067515966945765,13.046221,,,,"NOT_AVAILABLE",,
1360200478899655040,259.46264888706725,0.0219368319226109,42.89659839107508,0.02307227936050045,7.959324170731061,0.02542897082719917,40.427681001021924,18.16237765409582,13.274131,1.946619,-6.608772167169656,2.2495856252394475,"NOT_AVAILABLE",4010.3052,
1360300293938809088,260.046201816477,0.09972453762773624,43.18067406978041,0.1307391296844679,5.696389767985643,0.11685295942359183,-10.317570040307428,3.624844242061233,17.624928,3.3071938,,,"NOT_AVAILABLE",,
1360162717547023616,258.7402551382531,0.05880429251889103,42.4059694348353,0.06757722415275376,8.592899631515918,0.07407062787859366,23.59700831790145,23.679609186999485,16.581312,2.7696505,,,"NOT_AVAILABLE",3851.4224,0.2403
1360255351401012224,260.30390994559303,0.06794069068079306,43.09105161852739,0.07589623151859144,5.000138522266701,0.07528646616823212,0.0619967498884364,-8.655467417018045,17.28072,2.6987896,,,"NOT_AVAILABLE",,
1360173192970270976,259.1124853475616,0.021758475951861436,42.65644192627764,0.023745484799913192,14.059674773438035,0.025768509420123396,-4.392941599831993,55.43737956509784,12.087542,1.7706652,-26.99904860232373,0.6910491048211119,"NOT_AVAILABLE",4229.5,0.441
1360171960316701568,258.9889862318424,0.036718993966809534,42.61767113318642,0.041791475277708455,17.402050938271778,0.042981714554034704,-41.70620992577586,27.183084243413756,14.569155,2.772852,,,"NOT_AVAILABLE",3890.1602,
1360139833961363712,259.9474300928482,0.020252824011527473,42.798156957875,0.020924774128757366,13.460404238713679,0.023238379246551026,-0.5513063931214806,75.44161771317326,9.334949,0.84848213,-22.260478552932348,0.37483794999721703,"NOT_AVAILABLE",5682.967,0.043
1360369150858339712,258.67096143491955,0.011040210871369948,42.6747046827537,0.011610548015878661,5.717830785016747,0.012230170757116245,-17.79382230681288,-1.6599762994334608,13.361766,1.51268,,,"NOT_AVAILABLE",4393.5947,0.222
1360424985430821632,259.31426068286225,0.026317989989787113,43.41267787067843,0.03577734117983909,5.738805132685903,0.03654867325815794,17.53152763114695,-24.72907880181953,10.606314,0.7171526,-6.613230616219815,1.1224481458280722,"NOT_AVAILABLE",6061.75,0.026
1360470615163605248,258.80944462862993,0.26910579523352324,43.613868523751016,0.27283141685328993,5.851234871124095,0.26688314686552567,-2.627807078025856,-45.73739579121202,14.953547,2.0754194,,,"NOT_AVAILABLE",4472.0,
1360516863370026112,260.10737063188316,0.014997745210285105,43.71383479173556,0.015511988974033464,7.776381799383966,0.016108839792719588,15.61381999758559,-3.9785652096281114,13.948264,1.9909935,,,"NOT_AVAILABLE",3829.64,0.496
1360424985431402624,259.31169417036904,0.16174158125377552,43.410171499351065,0.15170153683735443,5.469328678497726,0.16690169729778648,17.655047725464904,-24.048907207907735,18.21985,2.7552261,,,"NOT_AVAILABLE",,
1360523460439876864,260.264245445723,0.04378461969375145,43.81424730696338,0.05538199584843435,15.30764148260572,0.051171380037349015,-90.15951472848101,-60.27325046950848,15.836926,3.0281353,,,"NOT_AVAILABLE",4162.1177,0.294
1360454431729839360,258.9568182856625,0.016316361404538713,43.442833242638144,0.01843116693796545,6.63419242708442,0.01876793682556219,-8.98231371067771,36.18695839330793,14.188655,1.9426136,,,"NOT_AVAILABLE",3804.0,0.192
1360441649907163776,258.7056988076041,0.03580340875344833,43.19802244311774,0.036398271721439376,8.78296624611375,0.03845912808218984,25.55290616873527,-127.64663017524424,15.608061,2.5514421,,,"NOT_AVAILABLE",3853.1533,0.1785
1360477280955964160,259.39476556243943,0.05415106783284073,43.61913133464309,0.06811711392074946,6.847952553437623,0.06513099018840081,-66.62154185971158,23.496709706400004,16.431723,2.9378672,,,"NOT_AVAILABLE",3740.8098,0.8185
1360441787346113664,258.73746490248016,0.01211667923253177,43.18919508675916,0.013721817364272354,7.312798873026542,0.013535261051804512,-9.957784789177756,6.786394738801384,13.402234,1.732832,-42.48363274317519,2.444769532039196,"NOT_AVAILABLE",4383.24,0.1625
1360447765940585984,258.8183016428267,0.06778100434451156,43.23132234216859,0.06642135014149593,5.355718595775121,0.06571518838737425,-17.792379025861397,-32.272982581993055,16.393713,2.6768436,,,"NOT_AVAILABLE",3669.0,0.457
1360520402423152640,260.35235788388843,0.018451017040875848,43.73715272547845,0.02163859051094017,6.270275343222672,0.020656279189691543,-49.961696790266565,-16.691717611914363,12.370402,1.2220078,-32.282227331041796,0.835630265525531,"NOT_AVAILABLE",4981.395,0.1242
1360480132814257920,259.13179771761787,0.031750143917571895,43.63835099017568,0.03443349323438789,5.089701361158502,0.03069266439254671,-11.082725120284303,23.57000476901315,13.724984,,,,"NOT_AVAILABLE",,
1360428180889685248,259.35270311333284,0.03607396658213241,43.463219463140376,0.04221173608989989,6.321556170401488,0.04578137388315024,21.618174660308146,-18.242113207319683,15.414856,2.4381247,,,"NOT_AVAILABLE",3698.0,0.3177
1360432437196350720,259.6653530702093,0.017561081101164725,43.54509516581498,0.01971484251442456,11.965093278150132,0.020768237765870144,54.79574808378123,-24.304912536910166,11.859195,1.6698036,-20.16512295209465,0.4744319413142416,"NOT_AVAILABLE",4225.0,0.9117
1360435671312795520,259.46697980026414,0.2269151376249295,43.57860976396709,0.18796460258437114,5.07598920425061,0.19451417316778977,-37.88735607704454,20.238849621419227,18.194206,,,,"NOT_AVAILABLE",,
1360492605399288192,259.1418509511715,0.025437385765367818,43.702727241064366,0.031035406636474385,5.437089687674366,0.030473759150331976,4.185011662915086,-58.02536289402822,15.432587,2.1828003,,,"NOT_AVAILABLE",3701.3398,0.021
1360405297299715328,259.25359659520336,0.39873160712758177,43.13237778202619,0.48926585262803074,10.941896914916464,0.45283336017898546,-16.670435773082588,3.181131988575359,18.52906,,,,"NOT_AVAILABLE",,
1360497243963972736,259.06510707911775,0.018610672320454356,43.77934249425896,0.023100624845034858,8.272770004232433,0.02193564315407571,39.799703438992175,-9.218051275744866,9.891151,0.7888975,-5.567976107198371,0.3981917295686342,"NOT_AVAILABLE",5809.8335,0.073
1360534554339321344,260.08804574234057,0.12526587481600532,43.94533644336917,0.15287973820807294,5.025091513402887,0.1463610171909341,20.91605899716852,-57.21139004088339,18.416773,3.0954475,,,"NOT_AVAILABLE",,
1360440889693124096,258.5679809348943,0.025318534065517262,43.16109152339088,0.027324280364736348,11.730736462441802,0.028145336016289452,-6.220822398696512,36.55241710583588,11.402232,1.4514265,-67.35628094802253,1.1370997283668385,"NOT_AVAILABLE",4645.717,0.489
1360440893989831168,258.5694981191565,0.2089506471781223,43.16098919837802,0.3233084247756073,11.381100207632434,0.2858127626568799,-3.920466139088042,38.74074968203155,18.414305,1.7931919,,,"NOT_AVAILABLE",,
1360498309115994240,259.2192880354853,0.058728186174532564,43.82021073676086,0.07065093126089117,5.840056767868351,0.06950604767624324,-16.161140298117587,-12.133666229755399,17.079926,2.3260975,,,"NOT_AVAILABLE",,
1360509334296190336,259.86642955618487,0.08679765826786226,43.433031903330196,0.05810998727932665,5.833286297542886,0.07953072692651957,40.21933486334497,-69.17442705107223,16.697495,,,,"NOT_AVAILABLE",,
1360381309905667840,259.1361882952707,0.019882311733472154,43.04140535790677,0.021851393663711655,7.770711122901807,0.022891407276683384,-12.26679457792192,15.016717235581716,10.54609,1.0605917,,,"NOT_AVAILABLE",5279.2,0.6352
1360409386112763648,259.22570585382005,0.06035198515074117,43.20031659357378,0.06473851771155335,5.4438287189216075,0.06753362215384189,18.17725443761223,-22.121499221752963,16.699821,2.925476,,,"NOT_AVAILABLE",4651.6797,1.082
1360428799365121408,259.3928114979676,0.016529411966570602,43.501493323906736,0.019432144941926698,6.6452874367146295,0.019801274356824914,-24.47286695258851,-32.44963536392644,14.424416,1.8418999,,,"NOT_AVAILABLE",3889.75,0.1075
1360529610832980608,260.02059196903843,0.03415280768577329,43.79690485137157,0.03902210409160959,5.233753434195005,0.038103382588209736,5.633657287715203,16.286390209923812,15.851135,2.374237,,,"NOT_AVAILABLE",3691.575,0.2417
1360527446169462144,259.8949291717671,0.08219545258349006,43.677633992954696,0.08049197876279712,6.213052417347832,0.0877541135944538,-13.92470152892279,22.748263374554746,17.270893,3.0947409,,,"NOT_AVAILABLE",,
1360401964409323136,259.01555573238363,0.04609213751634211,43.27106972926021,0.04870523255673712,5.963756222366525,0.05057910462115953,0.7112787051653877,-16.63247036507486,16.503685,2.3526297,,,"NOT_AVAILABLE",3488.0,0.1395
1360509338587547520,259.8666360103117,0.06381323142326578,43.43269635778901,0.06061864600323157,5.910909800234765,0.06741994488527311,40.291572019208914,-69.77517915722115,15.853314,2.3144083,,,"NOT_AVAILABLE",3825.455,
1360386502526223104,258.5283586623199,0.05605039121268669,42.86560056083577,0.06076008675536645,5.064861030478435,0.061881573114021905,0.15172283763191796,48.17204524139704,16.839596,2.4179707,,,"NOT_AVAILABLE",3384.0,0.17
1360414196475355136,259.6013991331717,0.02455218478897961,43.325178227932994,0.02455592813111842,5.084327981185952,0.028104805317819236,-26.23532091734134,-12.006412111723598,8.3429165,1.2478943,-62.88024523493564,0.18182944987950242,"NOT_AVAILABLE",4851.0,
1360518375198500992,260.1645738111357,0.03531870511840881,43.63650036235128,0.035981698252825926,5.44657215237584,0.03772942827867281,-11.480850970804571,2.646854819403425,15.669151,2.2746096,,,"NOT_AVAILABLE",4062.0535,0.22
1360517894162186496,260.04709584242306,0.014270483280230645,43.74631914484702,0.014072598488754034,10.999813675702796,0.015414629810771064,-83.29497961700824,-108.50378266588729,13.53595,2.0122547,,,"NOT_AVAILABLE",4166.0,0.128
1360388559810570112,258.73248325486196,0.1467226655429191,42.95741393164927,0.1702250353996483,5.711635480318302,0.16358054176530168,0.5485777487703452,-37.433052120879765,18.332544,3.0478287,,,"NOT_AVAILABLE",,
1360480132811542656,259.1321718842126,0.05942836497206322,43.63850096253522,0.06750403554144979,5.020691089556612,0.0707425499297721,-8.428106784745454,21.238598706274544,12.682003,1.3936129,,,"NOT_AVAILABLE",4777.0,
1360499541767251584,259.24429379108017,0.08406766090389547,43.88735004974315,0.11655610616316738,8.274028425648039,0.10721873976458056,-177.6012425695285,-35.41795449272419,17.45064,2.8978462,,,"NOT_AVAILABLE",,
1360369150858339456,258.6713725657081,0.045380305212100853,42.67372375572046,0.047516738809379594,5.7194939720113425,0.050105695345518585,-16.422979358913043,-1.6279322353161243,16.212793,2.5026464,,,"NOT_AVAILABLE",3503.29,0.352
1360441649907164544,258.7007882225755,0.02867846509987207,43.19600884805438,0.029208637293354493,8.803048283328629,0.03093042916190615,25.702472666220828,-127.20971304618031,15.275172,2.5086012,,,"NOT_AVAILABLE",3665.0,0.3805
1360501397192232448,259.46379487852255,0.12911407927474308,43.90278570890535,0.17914230472058923,7.456649010056482,0.15470893553891935,-71.51493996677522,10.657875779500811,18.211313,3.2957706,,,"NOT_AVAILABLE",,
1360498240396521600,259.15939085143077,0.20827158508098834,43.885982056703014,0.27937703286527776,6.033574681747096,0.2528119548181837,28.121914196123992,-54.69502400062635,14.573755,2.0267115,,,"NOT_AVAILABLE",3664.25,0.4635
1360500027102918400,259.27646419074233,0.02158581497630429,43.93161039494468,0.023687140778047292,7.326918160710613,0.024617731338776074,-25.761896449003913,77.10993383195574,10.768323,0.9385748,-24.941671698563432,0.2843600174323029,"NOT_AVAILABLE",5574.25,0.192
1360376675642140672,258.73866383481175,0.048442421079691426,42.92707069668336,0.05712777035516223,5.368155475289324,0.05516494719512166,12.198475940053793,15.573763890486424,16.596735,2.5040808,,,"NOT_AVAILABLE",3594.025,0.1892
1361224605260853632,258.94889801149765,0.023944526737419942,43.78046468559838,0.030510029739164616,5.4165076198331885,0.029509924946216137,3.659907995470661,-86.87468426420256,15.37808,1.9903784,,,"NOT_AVAILABLE",3861.2766,0.087
1361248553998674688,259.04317370427566,0.029636170752123086,43.863121176788404,0.038185649651207666,18.540937272290343,0.03409404177284599,-77.52762110968052,31.39409701368457,13.121976,2.4903803,,,"NOT_AVAILABLE",3502.5,
1361236631169270656,258.3950697957401,0.14852028656073735,43.818783725714965,0.19156611606228663,5.810521384240344,0.18215296398596936,-9.386528089343884,0.9966880166283906,14.561305,2.1801348,,,"NOT_AVAILABLE",3620.0,
1361242227510954624,258.92199376364306,0.11081295356683572,43.987939572458366,0.12372086531736282,11.051810906790191,0.12253132720992103,-17.511964032470612,25.753599378875755,17.86361,3.6105556,,,"NOT_AVAILABLE",,
1361254566952766336,259.0785216154512,0.10374343427523576,44.05422519128514,0.13736493285360984,6.0012351271194575,0.1358415432213475,-3.3312223776037286,17.250062482711762,16.054022,,,,"NOT_AVAILABLE",,
1361253153907742848,259.11484603449026,0.10468264043768503,43.978314470919464,0.1397379649221004,8.518340876777117,0.12792040122484336,-62.46618198653336,173.3215029670959,17.659472,3.462595,,,"NOT_AVAILABLE",,
1361236012693978368,258.4269968336285,0.16074222375916566,43.8173692105484,0.1863818274757403,6.206844307909155,0.197650174770966,-21.09409289481101,37.46464205163832,18.75798,3.167673,,,"NOT_AVAILABLE",,
1361232611079876608,258.41866729987515,0.16072809758457543,43.75708139999664,0.18929589112018827,9.049366399369605,0.19057500180612255,-20.903450331240673,-0.30501456554497175,13.33555,2.2802458,,,"NOT_AVAILABLE",3601.3333,2.372
1361266077465128064,258.99874900852245,0.019236678644100315,44.05572841426804,0.022435504973630404,9.800209437329535,0.02258583263529714,-28.092242688210423,-122.23984298675398,14.180406,2.1443205,,,"NOT_AVAILABLE",3608.6667,0.028
1361227044802240768,258.78990049109535,0.055738585992470426,43.814063895284065,0.06608081419307824,5.403237852498698,0.06874568370073887,-22.25230785105164,-0.06199604221010976,16.886122,2.6755333,,,"NOT_AVAILABLE",3387.0,0.04
1361217252276803072,258.6475738751617,0.011200572730933264,43.664295345645264,0.013894448662448752,6.114698640759475,0.013878246335301287,-6.438476513652123,-16.043572315556013,13.020755,1.4481754,17.17173472348091,1.3519281420752192,"NOT_AVAILABLE",4658.85,0.215
1361250130251506688,259.1254027462118,0.17625233221118655,43.96361921681776,0.21186141833089855,7.320997861327672,0.20781672792616626,-18.89854927541276,35.46943306411337,19.016613,3.2958431,,,"NOT_AVAILABLE",,
1361252436648971136,259.29674660782865,0.017226418705481895,44.060517871698046,0.02287621910413512,5.678702157146325,0.02034444960283334,-36.92980053799352,-8.08707126462932,12.017466,1.0492058,-34.21647688449695,0.7640290149996962,"NOT_AVAILABLE",5076.3076,
1361227624621975936,258.68071891910495,0.16320116554995354,43.807082933533955,0.20761291270870225,5.823492276109233,0.20753742096601524,10.044970656861384,-44.158230766019926,18.907215,3.2688713,,,"NOT_AVAILABLE",,
1361257036557343616,259.3609469262077,0.05066716862907427,44.033080268116414,0.06962250646534253,7.2319735650819315,0.06221983489913845,6.835034608464321,-40.23446473252966,16.561045,2.828949,,,"NOT_AVAILABLE",4132.9937,
1361243434397674880,258.9406916232995,0.04309975824476409,44.059390651622735,0.04425217803807046,6.3169849477516715,0.04833703233939731,29.176798159903022,-0.4092105598858165,15.929215,2.3312893,,,"NOT_AVAILABLE",3829.4675,0.3017
1361254562656781824,259.0790201414068,0.016827433031842868,44.054369484648824,0.020466617960912037,6.253681099163623,0.01967578277712285,-5.8309339137109015,18.370341126405435,12.36831,1.28337,-26.89010440510722,7.144632154914685,"NOT_AVAILABLE",5036.383,0.31
1361252436648971776,259.29256024872814,0.01738429992889943,44.06060356017748,0.02173569582883126,5.664755238756053,0.02056575701850406,-37.10707266795483,-8.46091634280732,12.667848,1.2529144,-35.13472804960585,1.6255396569294491,"NOT_AVAILABLE",4889.3574,0.032
1354157253755685632,258.5701047756642,0.049611353882029356,42.321441980488125,0.05913640719846996,5.295513196203877,0.061419721442067365,-58.7809286316166,-36.400983384806196,15.636427,2.5326576,,,"NOT_AVAILABLE",3304.0,
1354450647265192704,258.22874691361864,0.020428212628834173,43.155947942259,0.02252062362733591,5.245696997598236,0.024174940308783758,9.657378812996283,10.335965256494287,12.021453,0.9443579,,,"NOT_AVAILABLE",5403.3335,0.0225
1354455423269730688,258.28473951716666,0.24907695616089282,43.228648864377895,0.24566744576002505,7.6989915499918915,0.27081903579790517,-51.75297435177569,43.06460987654569,19.32299,0.70149803,,,"NOT_AVAILABLE",,
1354432097302486912,258.2398646635642,0.02638607833396054,42.90735872629994,0.030781506180861097,5.266857070432802,0.03278346961277592,17.405437508269046,-20.203079989757626,15.324606,2.1494522,,,"NOT_AVAILABLE",3598.0,0.328
1354426634104100608,258.09058440240426,0.054656809203838946,42.862588404244335,0.05997231619534462,7.405934553626035,0.06398667966524069,3.8213051235069937,-44.0733392150998,16.443586,2.9912577,,,"NOT_AVAILABLE",3956.35,0.706
1354381451048216832,258.44401797563216,0.05181089929143316,42.79684490901619,0.06163462221755997,5.851254804557854,0.06406062965605187,-68.18262449388601,22.462976922774246,16.236881,2.6146832,,,"NOT_AVAILABLE",3725.0,0.2285
1354436357910142080,258.2645195894967,0.02189429468330462,43.01408442109721,0.023613280436133068,7.263628166969175,0.026766464680298533,-17.575924830366365,26.46128383185045,10.616829,0.9854708,-21.846743874099836,0.7432017493151489,"NOT_AVAILABLE",5275.6665,0.2527
1354362312673806720,258.2621266675331,0.012489139214841294,42.51708919025244,0.015001046812589295,8.27082986666438,0.015487954596282997,-3.466792442239856,54.683548529790244,12.971148,1.635109,-24.604336190051335,0.775224293011454,"NOT_AVAILABLE",4431.15,0.046
1354444191930501760,258.0232118727443,0.043788194311839085,43.05856123774883,0.04251053929548764,6.35899705062006,0.04738318398315763,-18.63889224957892,-4.928159814928607,16.308563,2.3183813,,,"NOT_AVAILABLE",3626.6133,0.149
1354430551114289920,258.0362552797148,0.033614696939477925,42.9284583036731,0.03280732542960526,6.129799977901432,0.036751624598199584,-20.961674173375787,-16.586167237868974,14.878097,2.0894775,,,"NOT_AVAILABLE",3688.0,0.2593
1354365164532078976,258.5239775179413,0.019588020265824718,42.68060642401346,0.020027064768202808,6.755276820760478,0.020424660598550245,-21.31987095607574,-87.74531521779866,12.832243,1.441124,21.15882987617615,2.3504791270316376,"NOT_AVAILABLE",4666.0864,0.2127
1354456046040249088,258.3548394612011,0.03172901188591931,43.2947523935033,0.034271043618394115,15.508374588993249,0.03664097188091668,-12.504050574279875,-88.80872776402103,14.366228,2.6067457,,,"NOT_AVAILABLE",3710.8203,
1354373926265405696,258.1880422211116,0.016826190589151423,42.68682319891055,0.0178196394718372,9.20448029248925,0.020186348365576937,-18.5276848501124,-34.22147157602207,13.643846,1.9710121,,,"NOT_AVAILABLE",4179.205,0.457
1354431169589654272,258.1071371649725,0.12318690137929471,42.99473793976188,0.12186456275612809,6.198007717458745,0.13824424730661286,36.56485185107979,-44.626263511072054,18.264475,2.8541718,,,"NOT_AVAILABLE",,
1354448899214711936,258.14100641127584,0.019100345644037856,43.039935552593526,0.020116348483375436,5.377167640640248,0.022417390656929662,19.325362512869035,12.999031474773526,12.794625,1.2557364,-9.186440350224295,1.2303730438936942,"NOT_AVAILABLE",4898.62,0.024
1354436220471188864,258.2217865807581,0.020635581909597828,42.97838436967253,0.026202717930871314,9.20567594462742,0.025290136387403333,-110.42102478256214,-11.217098124542687,13.987815,2.1929865,,,"NOT_AVAILABLE",4016.22,0.586
1354378118153501440,258.16731376345575,0.04158047387380876,42.7757602019542,0.04641451869535929,5.12118205659804,0.04919629636944925,1.3083698692541472,-27.84827410140353,15.712215,2.4940624,,,"NOT_AVAILABLE",3575.525,1.0247
1355198972302736384,257.9400248861076,0.045428226684726326,43.152824479176786,0.04992243376548005,5.108615549055413,0.05248158322189491,51.08740452875155,44.13039931831298,16.266792,2.5108385,,,"NOT_AVAILABLE",3901.02,0.1915
1355225772898704384,258.3271019467527,0.017262801999597042,43.60326782735041,0.01911827564002858,14.567672327394773,0.020296986157613935,31.746205655070646,-122.81585654945505,13.996511,2.2555494,,,"NOT_AVAILABLE",3792.3333,0.1867
1355208902267159680,258.20787283934055,0.016284120186827955,43.39950814336407,0.016243327666130503,7.584514527424725,0.017645433412336053,-52.6963904607061,-65.18145546458038,13.82186,1.9965973,,,"NOT_AVAILABLE",3899.4448,0.59
1355231064298433408,258.21489563284354,0.0202187969882088,43.7469541445225,0.02351311011250411,9.28574503486998,0.023969633725007666,-1.33257101450112,-147.8132968617299,14.692825,2.2806396,,,"NOT_AVAILABLE",3564.0,0.2807
1355230475887667200,258.28381878208836,0.06953364302085556,43.733200433546266,0.07882236997429676,7.069776486468526,0.08167809033852079,41.43536996821605,-50.773714762362076,17.355814,2.949953,,,"NOT_AVAILABLE",,
1355206836387212160,258.1043827471267,0.05992716533590398,43.33947617864072,0.05888088231735857,10.354082518067358,0.06286345267692037,-19.864297954917816,10.12597889649653,16.634623,2.939289,,,"NOT_AVAILABLE",3786.41,0.255
1355224875250131968,258.1111889083616,0.19808094460953385,43.5690606994188,0.2167060872329658,6.0029255380727555,0.22724452219826985,-39.678012520725645,-0.6441555595434252,18.964792,3.3178158,,,"NOT_AVAILABLE",,
1355209894403577728,258.1227439462133,0.09519735719703666,43.3704302293178,0.09120669847036465,9.385199340301252,0.10001421556163897,-48.44984380621606,-35.65939713218346,12.103586,1.5532074,,,"NOT_AVAILABLE",4311.4023,0.578
1355203232910297728,257.9659686881022,0.022539835497892576,43.261346934339976,0.024412313293948683,24.553504431777277,0.026090440595152642,-101.26755818248449,-185.69973755055196,12.725491,2.2682457,,,"NOT_AVAILABLE",3899.73,0.09
1355203232910297600,257.965857132481,0.05411854069481192,43.2607551517507,0.05112865168161945,24.454919685719112,0.05624007955481273,-112.47984972524381,-184.51308651936375,16.176785,1.1365108,,,"NOT_AVAILABLE",5095.6333,
1348119281356151040,259.8906729389803,0.26915836016409844,42.41674711443659,0.2838749242859954,5.95334897733196,0.28859956470475007,-10.76738192001265,23.28918358287759,19.360868,3.3433132,,,"NOT_AVAILABLE",,
1348104197430849280,259.86819496935533,0.1286856203532312,42.25491224998909,0.16063031496905605,7.109828839374444,0.15352368682146647,12.463499136401918,-56.319381017396225,18.336218,3.2552166,,,"NOT_AVAILABLE",,
1348113788093481856,259.5752786158501,0.13777087478872907,42.273671155753526,0.17547351498293792,5.681743669410854,0.1671285125804692,26.485019801410814,61.43048264359908,17.541853,3.0193806,,,"NOT_AVAILABLE",,
1348119281356064256,259.88860859173707,0.05496360771448854,42.41535643671761,0.059199734639828444,5.842984538551059,0.061783137840170255,-11.70727508490588,23.628372244115056,16.749886,2.4393663,,,"NOT_AVAILABLE",3378.0,0.047
1348201298051268224,260.17458939971476,0.14620313637871227,42.485478832869035,0.16809382104785026,6.9752852381420585,0.1707902701015664,-64.77925970724786,69.44870137073443,18.432894,3.240324,,,"NOT_AVAILABLE",,
1348202260123969664,260.30053203513256,0.08921400043054141,42.506783866001065,0.09765746407396891,5.760401498594949,0.10347774892264018,-1.173351289533868,-1.239532565082012,17.730406,2.8606224,,,"NOT_AVAILABLE",,
1348219925324997248,260.30467356197687,0.09451198503755087,42.730600887751834,0.10967805858733216,6.034839127381087,0.1222377066669525,-3.7384464938799193,-3.4859438463610486,17.535877,3.1355724,,,"NOT_AVAILABLE",,
1348199275122214784,260.0848318888417,0.03029900884663469,42.344757686002914,0.02967735229744679,7.746847198993282,0.03168097652237089,24.118492966678332,-27.47728376618098,12.816409,1.8529167,-37.949854989006646,1.3085966395446975,"NOT_AVAILABLE",4109.2065,1.5243
1348203226492127360,260.32611449292,0.05867581691954139,42.5608725824934,0.06035194809825961,6.463924184996749,0.06587811213044824,25.373436494432298,-52.477807152241496,16.327003,2.650198,,,"NOT_AVAILABLE",4012.0134,0.1803
