source_id,ra,ra_error,dec,dec_error,parallax,parallax_error,phot_g_mean_mag,bp_rp,radial_velocity,radial_velocity_error,phot_variable_flag,teff_val,a_g_val
4421572868783602304,229.60826036687763,0.45115122188241585,2.080235226724852,0.7554874402653575,,,18.320505,,,,"NOT_AVAILABLE",,
4421573315458434816,229.66133732464328,20.658777256332183,2.0959362102310357,35.10127728917736,,,18.71266,,,,"NOT_AVAILABLE",,
4421573212376895104,229.62661419479602,2.232215367119759,2.10288459563456,3.0399263996102825,,,18.354128,,,,"NOT_AVAILABLE",,
4421572971862343296,229.6232666702632,2.4723736284315763,2.089428605085882,1.2169117490663488,,,18.066124,,,,"NOT_AVAILABLE",,
4421572044148629760,229.6417193344691,10.07450778964442,2.0569861785793107,2.576732523186093,,,18.675959,,,,"NOT_AVAILABLE",,
4421573384176504448,229.64758620304784,0.2538333040331929,2.104893301886323,0.23565170500718693,-1.4018490961804921,0.33072536321732215,18.029749,,,,"NOT_AVAILABLE",,
4421573006218257792,229.63656564284426,1.189307706773747,2.0968362827057048,0.6349859554225952,,,17.949299,,,,"NOT_AVAILABLE",,
4421572112864056064,229.67016912139212,10.2775707493433,2.069368798030679,4.430427608315818,,,18.786154,,,,"NOT_AVAILABLE",,
4421571941065179392,229.63455836951601,0.52693736674323,2.037328394778862,0.48492992327689033,-0.5008644907799857,0.7502597885988925,19.326513,,,,"NOT_AVAILABLE",,
4421572765702384896,229.61032610462675,17.447613412906076,2.0664658740421697,29.779606912466512,,,18.18107,0.74550056,,,"NOT_AVAILABLE",,
4421572971858347008,229.63075967786327,56.83658348849211,2.0866810010226273,31.602555697666933,,,17.15005,,,,"NOT_AVAILABLE",,
4421573006218368512,229.63786039219204,0.916980601235426,2.1049566907812176,1.1523880996743199,,,17.947882,0.77482986,,,"NOT_AVAILABLE",,
4421572903142725248,229.64147461115294,0.09686690020024769,2.08321295556579,0.17325286668639903,-0.11602284279832632,0.08378071956833777,14.647669,0.6645527,,,"NOT_AVAILABLE",5095.6333,
4421572834423382272,229.6039570193996,2.359810211216977,2.073693444904567,1.397874275140822,,,17.836557,,,,"NOT_AVAILABLE",,
4421572834420690816,229.59974328243035,0.3208708466009701,2.0750441559674218,0.369267993373528,-0.8040237499116222,0.43306502301138605,18.505861,,,,"NOT_AVAILABLE",,
4421571941065179264,229.63479164198276,23.549359624470448,2.0368841128022632,11.7252594318553,,,19.78627,,,,"NOT_AVAILABLE",,
4421572177292623616,229.65142609038344,0.2252835492681142,2.0767964125858156,0.1860833132923238,-2.33597406963897,0.25650871506370027,16.61039,0.6756859,,,"NOT_AVAILABLE",5095.6333,
4421571769269834496,229.66661740221025,22.203035241986022,2.041804964144077,26.022595149339345,,,20.618683,,,,"NOT_AVAILABLE",,
4421573349817630080,229.66457002021258,0.5016216914898506,2.1048007711862877,1.1943882291455623,,,18.60652,,,,"NOT_AVAILABLE",,
4421572903138567296,229.6357128134368,0.6732013633043414,2.0794791608768097,1.660717741749946,,,16.547535,,,,"NOT_AVAILABLE",,
4421573418535129344,229.66515575857926,0.29174346221304875,2.1154199965189604,0.34649712994670806,0.6509479053905848,0.3871256961146943,18.715025,0.75525856,,,"NOT_AVAILABLE",,
4421573384175293568,229.64947891076233,0.9120212504827118,2.101168092141587,0.4878839131614193,,,18.154858,,,,"NOT_AVAILABLE",,
4421572903142725120,229.6411976243038,18.94589993743997,2.0828971744441396,9.931533289395293,,,16.04717,,,,"NOT_AVAILABLE",,
4421573311164076160,229.65576360142126,0.03228556916392198,2.102183347345144,0.028468133740198943,0.08889474351454851,0.036682322413662746,12.038661,1.5359364,50.824620780352106,3.1193336691094458,"NOT_AVAILABLE",4279.25,
4421572044144716928,229.64226495954574,0.8534717053964183,2.0599087784145653,2.655160413995638,,,18.039711,,,,"NOT_AVAILABLE",,
4421573418535361280,229.65300558901401,0.19826647789605398,2.121381576525957,0.18643867652276488,0.5273598040248157,0.23070313656470706,18.562387,0.7343788,,,"NOT_AVAILABLE",,
4421572559543660032,229.66865877621072,8.627323074169167,2.0953251852588406,14.678451102519247,,,18.00943,0.7685623,,,"NOT_AVAILABLE",,
4421572834420690688,229.59983115065594,18.398949769210095,2.0751667545017307,31.135140941389757,,,19.144073,,,,"NOT_AVAILABLE",,
4421572800064119936,229.62872773801612,8.138171867798913,2.074702183944546,13.894083505519045,,,15.583778,,,,"NOT_AVAILABLE",,
4421571975425087104,229.64066039326286,1.4618837357235797,2.0501776598975936,0.6275848372106897,,,18.993387,,,,"NOT_AVAILABLE",,
4421573212377073664,229.6189579685412,3.780300079539504,2.108786722706007,1.8022278915726455,,,17.813883,0.6839752,,,"NOT_AVAILABLE",,
4421572971858347264,229.6310860513251,0.2528888682864141,2.0863844723868876,0.19474239188220552,0.15012267963548798,0.2697036286722701,16.440575,0.94225216,,,"NOT_AVAILABLE",5095.6333,
4421572903138718848,229.63262742960976,0.22185010185276172,2.07735632489713,0.4186448243694193,1.5554446517239682,0.23371042498641426,16.282082,0.7329197,,,"NOT_AVAILABLE",5095.6333,
4421572009788138112,229.62463901251218,6.115465540544389,2.044485373036707,2.80204576552326,,,19.762575,,,,"NOT_AVAILABLE",,
4421572559544189184,229.66808486601388,17.183285657493204,2.0892263731410385,29.028687583022418,,,18.667215,,,,"NOT_AVAILABLE",,
4421572044144936320,229.6283256847805,8.485859579463323,2.061745924046697,11.534345244053842,,,18.468307,,,,"NOT_AVAILABLE",,
4421571906705442688,229.67671994633466,0.7809932055168126,2.0636366969584037,0.7243624059939017,-1.7112311301016292,1.083821638718063,19.196924,,,,"NOT_AVAILABLE",,
4421572765702382464,229.6110963081302,21.898988750934297,2.0652579103915945,39.016548388510365,,,18.60492,,,,"NOT_AVAILABLE",,
4421571975429705472,229.64539256093838,0.6094963168049314,2.0516853261743835,0.28565181165710674,,,18.34647,0.5353699,,,"NOT_AVAILABLE",,
4421478173339320064,229.61402696392932,0.13194808828013224,2.0387860348589424,0.12915109570689381,0.2115720230352622,0.16047445481068132,17.769869,0.8139076,,,"NOT_AVAILABLE",,
4421572559544189312,229.66770214725378,0.3727953452335162,2.08939616360167,0.6476049197695071,,,18.423096,0.7930355,,,"NOT_AVAILABLE",,
4421573384179197696,229.65399540103851,0.6397817505921664,2.1077894333019067,0.7729445848386794,,,17.210493,0.8521061,,,"NOT_AVAILABLE",,
4421572800064120192,229.62594232635973,10.384405767567985,2.0740393091062748,15.495335077562492,,,17.981306,,,,"NOT_AVAILABLE",,
4421573418537104128,229.6603926562543,0.4845388933681945,2.112578605667244,0.7574865859124497,,,19.013727,,,,"NOT_AVAILABLE",,
4421571906705442560,229.6771773267806,2.1374402721598127,2.063871680619549,3.458949268186078,,,19.671871,,,,"NOT_AVAILABLE",,
4421572490821162240,229.68044706398513,0.3144965748422776,2.0747524742208494,0.28036284584685495,0.27577993636770426,0.321501634696346,18.542255,,,,"NOT_AVAILABLE",,
4421573590334187520,229.63682469946366,2.452220231084387,2.12018765068757,2.3552793638081573,,,19.594765,,,,"NOT_AVAILABLE",,
4421572868779137536,229.61641905618254,0.24272817780968436,2.076774123928782,0.40200081802855925,-1.2331319727643513,0.3248351121722675,17.727983,0.77542496,,,"NOT_AVAILABLE",,
4421573384175348224,229.64534827465388,6.185987752839331,2.1010695738691845,16.40581622969396,,,18.505915,,,,"NOT_AVAILABLE",,
4421572903142724736,229.6424055413132,2.361334491503497,2.0837783735800857,4.053048108111441,,,16.421347,,,,"NOT_AVAILABLE",,
4421572044144698752,229.6367248921411,0.16848690381491463,2.0540866161030378,0.15493274352545108,1.0423369703685823,0.20450763979909975,17.36907,0.7496128,,,"NOT_AVAILABLE",,
4421571734912230400,229.6520058333235,15.301293634743889,2.038496447095423,4.888800362061729,,,20.510284,,,,"NOT_AVAILABLE",,
4421571872345532288,229.67248770349903,0.4210236398500414,2.045731150435742,0.29717713522960215,-0.4160257538916148,0.3851692820338589,19.306105,,,,"NOT_AVAILABLE",,
4421573659053870976,229.62758502461458,0.18126703781446588,2.1289035110667256,0.14442024701959252,0.280461268087383,0.1906443088524582,18.036486,0.6277218,,,"NOT_AVAILABLE",,
4421571734906615296,229.64782762663202,1.7612591829997997,2.033798842227726,0.8122147907008805,,,19.52185,,,,"NOT_AVAILABLE",,
4421573143661112832,229.59501105030256,0.10961792629369083,2.1015543415113287,0.0954905568389434,0.14210625238128374,0.12458932817594501,17.652937,0.8800659,,,"NOT_AVAILABLE",,
4421572903138572928,229.64086952079907,0.665670054352673,2.080315311963202,0.3747184958268007,,,13.351168,1.0194407,,,"NOT_AVAILABLE",5095.6333,
4421573384175348352,229.64482014440182,1.21556296755745,2.101689885411824,0.6170397263310043,,,17.959795,,,,"NOT_AVAILABLE",,
4421572044144935936,229.63533731348883,0.9967959259152678,2.065582247901622,1.1665974576981217,,,17.588806,,,,"NOT_AVAILABLE",,
4421573349817626624,229.66710236335098,0.2461261486205129,2.1014107971308023,0.3712592627815793,0.5521380552908547,0.27434565609185146,18.14832,,,,"NOT_AVAILABLE",,
4421573414243292928,229.65762279559507,0.09875009439890597,2.119601071997773,0.09071957532256447,0.025408000076108012,0.11820586287655743,17.15478,0.9589691,,,"NOT_AVAILABLE",,
4421572078508913280,229.6627460041824,0.0698652198196929,2.0588440062149918,0.060264738718226,0.14122286815535443,0.0832198315306496,16.43318,0.9348898,,,"NOT_AVAILABLE",5725.0,
4421573384175526400,229.63793663737152,24.172035808729365,2.106884714698467,0.9969337465179643,,,18.581793,,,,"NOT_AVAILABLE",,
4421572903142724992,229.64097434463815,0.11931428001827402,2.082532790888304,0.16153773218314949,-0.1479134619952519,0.17755438839098653,14.830564,0.50865746,,,"NOT_AVAILABLE",5095.6333,
4421573074940027264,229.601344611467,0.3578630934953988,2.08175525335147,0.5276528004061319,,,18.6158,,,,"NOT_AVAILABLE",,
4421572044144698496,229.63849854364156,0.2692610743207019,2.0552627065434126,0.24052531573020122,-3.5459089444216914,0.32710762727751297,17.915192,0.52668,,,"NOT_AVAILABLE",,
4421573281096748032,229.61270984522343,0.8810800155942273,2.1189715963972726,0.4048161490155785,,,18.466661,,,,"NOT_AVAILABLE",,
4421572559541017344,229.67527076875274,0.15378408520998327,2.0914798719467123,0.22167792549736137,0.1262694533935059,0.20753894357558275,18.066448,0.7137985,,,"NOT_AVAILABLE",,
4421573624693792256,229.64803109083456,0.2428086609382923,2.1185298073414085,0.28171778033035655,0.8033918090864881,0.36261418007999485,18.394018,,,,"NOT_AVAILABLE",,
4421571734906615040,229.64778949471895,0.3097868782447835,2.034070009310533,0.22338492532388576,0.39421916134038193,0.3058207907195365,18.585299,0.61460304,,,"NOT_AVAILABLE",,
4421573590334187904,229.63364274564861,0.2996568084198157,2.1173300972931273,0.27051744992642374,0.8496224688530127,0.38394111764894057,18.194117,0.8033848,,,"NOT_AVAILABLE",,
4421573006222079616,229.63443200616544,56.13768773329546,2.0984374373411874,29.95470230423333,,,17.726698,,,,"NOT_AVAILABLE",,
4421573590334106368,229.6446916357951,1.3943128815160004,2.1191891533770573,0.7254131366262101,,,19.269617,,,,"NOT_AVAILABLE",,
4421572937498613120,229.64602261105608,35.36412179853501,2.095606688962931,58.55276904810889,,,18.019749,,,,"NOT_AVAILABLE",,
4421573414243293056,229.65793311701992,0.07172174450605404,2.1122721658094648,0.0640044391079837,0.06902382724997862,0.0827992984277095,16.946323,0.8915901,,,"NOT_AVAILABLE",5144.95,
4421572800059492864,229.62468088742443,32.71224532303322,2.0704843584109884,58.14752984684298,,,18.308819,,,,"NOT_AVAILABLE",,
4421573384179197184,229.6530603755591,0.26539248097029755,2.1054606700055722,0.44912433392643036,,,17.598598,,,,"NOT_AVAILABLE",,
4421573384176501376,229.6547186140117,0.349381095671389,2.107845434834017,0.3839362702087969,0.7352369226520207,0.5150354050689984,18.69705,,,,"NOT_AVAILABLE",,
4421571975425076096,229.64446051195176,2.6401516017658717,2.051862442336527,3.5958252277060705,,,19.270855,,,,"NOT_AVAILABLE",,
4421573349817626880,229.66447242330938,0.5528693336917853,2.1061435780364555,0.7517391898365949,,,19.333813,,,,"NOT_AVAILABLE",,
4421572903138479616,229.63509426982887,14.431010575163889,2.0782151654924794,4.854571620872977,,,15.4570265,,,,"NOT_AVAILABLE",,
4421573006218225792,229.6343148260397,0.8071926654953164,2.094553098991797,0.5437888540036642,,,17.324003,,,,"NOT_AVAILABLE",,
4421478929254196352,229.60216157344897,0.3204645263114365,2.0565877398314054,0.47095527391019454,,,18.25347,0.7455368,,,"NOT_AVAILABLE",,
4421571941065367424,229.6338846035308,1.0019182684990295,2.0467814171771024,0.45111704783673773,,,18.77719,-0.065927505,,,"NOT_AVAILABLE",,
4421572181583895168,229.65141004964332,8.268935561552547,2.0766129524640893,4.5625341917873685,,,17.323416,,,,"NOT_AVAILABLE",,
4421572868783602432,229.6104299181971,21.082045769982194,2.075297368127407,35.98142991501596,,,18.916737,,,,"NOT_AVAILABLE",,
4421571975425075968,229.64508339367686,1.490129153869776,2.0523901051403026,2.2388001567923834,,,19.21831,,,,"NOT_AVAILABLE",,
4421573178017193856,229.61982320063245,0.5374133607680343,2.100792586988136,0.2845956256602396,,,17.87202,0.6245918,,,"NOT_AVAILABLE",,
4421573006218225664,229.63456182021892,2.417170982585727,2.0937549969207248,1.1708948211997814,,,17.695969,,,,"NOT_AVAILABLE",,
4421573349815474432,229.6619905545626,0.16929620497923625,2.105147532453167,0.19701142159036575,7.128186753657683E-5,0.23952180843916743,17.89203,0.7115593,,,"NOT_AVAILABLE",,
4421573349819464192,229.66672660871333,0.17880362973441424,2.1148611120856318,0.1579492899110402,0.16428558902010318,0.27220313805036833,17.783794,,,,"NOT_AVAILABLE",,
4421572112864057344,229.66490410078728,76.52051209214233,2.0667117609696435,44.23038821058932,,,19.144617,,,,"NOT_AVAILABLE",,
4421573143657734528,229.596370001264,0.19071384600292637,2.1038839291535365,0.16037742166273336,0.6202628579792446,0.21377745414392285,18.250244,0.65302277,,,"NOT_AVAILABLE",,
4421571872345531648,229.67087894194432,0.8993006186664378,2.0446765769760087,1.3947340648648128,4.433586138269399,1.6671103316246667,19.876,,,,"NOT_AVAILABLE",,
4421572009788146688,229.6173384253687,0.5313637509991933,2.0533361562633963,0.7530345050723,,,17.898561,0.69405556,,,"NOT_AVAILABLE",,
4421478929254196224,229.60174406163534,0.5441545609839356,2.0572556035315137,0.9096178151075283,,,17.814243,0.7692299,,,"NOT_AVAILABLE",,
4421572903138572288,229.64417885667513,0.33586834522361636,2.0823961825675363,0.34583683566392814,1.8258209852516472,0.41669360113715886,14.656676,0.78638077,,,"NOT_AVAILABLE",5095.6333,
4421572971858525696,229.6258769407698,11.365463297546517,2.0925121820119785,2.083661006147957,,,18.030642,0.58844566,,,"NOT_AVAILABLE",,
4421573418535325184,229.65062509090603,0.3195592568023276,2.117821571007851,0.21460552045280065,0.571681994859549,0.29394157264198867,18.227715,0.71913147,,,"NOT_AVAILABLE",,
4421572490824169344,229.67703510396728,8.681682770300652,2.085732785627939,13.126415046084544,,,18.775425,,,,"NOT_AVAILABLE",,
4421573311164077312,229.6572762736075,0.1034146940776951,2.100197123824786,0.09422813384736484,0.25899301340437136,0.12274329270294082,16.933813,0.86478996,,,"NOT_AVAILABLE",5095.6333,
4421573040580290432,229.6008355950443,1.2686034461486717,2.082006197106051,1.3513336361101866,,,19.798506,,,,"NOT_AVAILABLE",,
4421478173339914752,229.61838073551522,0.3245269104893972,2.041462237156035,0.2540858329394204,1.0685874427034767,0.35831491238457636,19.047066,,,,"NOT_AVAILABLE",,
4421571975425075712,229.64413916380676,8.798069413594416,2.0524483423899182,0.9486988490339469,,,18.951382,,,,"NOT_AVAILABLE",,
4421571872345709440,229.66964442362382,3.460720632065377,2.0588948583451474,1.7299764032815788,,,18.683453,0.6677933,,,"NOT_AVAILABLE",,
4421573659053867648,229.62054022199212,1.9357044176584448,2.1232694590436076,0.9075004873992942,,,19.147507,0.6523018,,,"NOT_AVAILABLE",,
4421572800059492352,229.62431716612411,19.08804973487566,2.0720225504290744,32.41511431805786,,,17.80036,,,,"NOT_AVAILABLE",,
4421572181583894784,229.65057722556773,0.059225733079920066,2.077246980523423,0.07592122245155056,0.33107841870555177,0.08236902161913663,16.019829,0.8995428,,,"NOT_AVAILABLE",5095.6333,
4421573281096745856,229.61516483175967,2.4858774712845584,2.1195476145567733,1.095532268174351,,,19.646948,,,,"NOT_AVAILABLE",,
4421573143657734272,229.59627042374188,1.7274574641369462,2.1044397596826063,0.8195610499420901,,,19.282661,,,,"NOT_AVAILABLE",,
4421571872345531392,229.6710592526203,11.73450699613062,2.044962398763969,19.918479774081764,,,18.646717,0.41077423,,,"NOT_AVAILABLE",,
4421573001926421120,229.63830348412796,0.1179671331609532,2.1013279068864854,0.10916799370754461,-0.28884763540899855,0.14069819493713878,15.497852,1.004859,,,"NOT_AVAILABLE",5190.3335,
4421572937498396928,229.64757401545532,0.9941888957556918,2.0827262426972815,1.6982443711641233,,,17.076855,,,,"NOT_AVAILABLE",,
4421573418535087616,229.6642459193921,0.3713574097220107,2.1133043784872383,0.5279101839585904,0.5681820193031623,0.4183244988139414,18.738974,,,,"NOT_AVAILABLE",,
4421573379883543040,229.6383452680819,0.03497423247617117,2.108414536668469,0.03671303679018258,0.13554022574798802,0.04212520634430047,12.422255,1.4879208,52.950680323538194,0.7387303916514205,"NOT_AVAILABLE",4419.0,
4421572181583894656,229.6508810115849,9.883443087929185,2.0780466912904063,7.574394630639175,,,17.398195,,,,"NOT_AVAILABLE",,
4421573418535361664,229.65785961592726,0.41604017377076913,2.1244245678889953,0.30543480702763476,-0.38118032003698576,0.43477841613210017,18.73632,,,,"NOT_AVAILABLE",,
4421573693413548928,229.63577933374498,0.7211466560826753,2.1285596615486777,0.49903280914080295,-1.0007484189845874,0.6714128459151438,19.190746,0.6992569,,,"NOT_AVAILABLE",,
4421572834421859456,229.60977928125106,26.192911884284623,2.067923980726793,44.63321872670995,,,18.783512,0.7321415,,,"NOT_AVAILABLE",,
4421572593903326848,229.67430679519057,1.231530455424947,2.102775309956811,2.1779396861817233,,,19.665382,,,,"NOT_AVAILABLE",,
4421572971862341760,229.61997256124565,0.14748432422738836,2.0856852595030593,0.13621598753931302,0.8545043126077553,0.16237236523274765,17.945354,0.5723705,,,"NOT_AVAILABLE",,
4421572800059492608,229.62378213040765,30.58796005527774,2.071272715763928,49.79022254347851,,,18.056032,,,,"NOT_AVAILABLE",,
4421573418538940416,229.66244244291525,2.1768614364866394,2.111757331398457,1.8296168741037673,,,18.876986,,,,"NOT_AVAILABLE",,
4421573074938056448,229.59891872455543,0.4782764164171274,2.0932281954441563,0.2582201828065945,-0.916500968259429,0.2978408260749819,17.809357,,,,"NOT_AVAILABLE",,
4421571975425075328,229.64481049102423,1.5874500490276144,2.051841574142846,2.1874444542887796,,,18.882898,,,,"NOT_AVAILABLE",,
4421573143657590144,229.59598575723058,0.839348791518854,2.0939924883038437,0.7902681308631526,0.12696543525516674,1.1147370437929705,19.062757,0.35528564,,,"NOT_AVAILABLE",,
4421573659053867008,229.6236359218911,0.4386136820679286,2.1253602746685005,0.33379789009053734,-0.7207134632772059,0.4723234223326432,18.392363,,,,"NOT_AVAILABLE",,
4421573586041973504,229.6386158220685,0.024017096067819713,2.123541944631582,0.020419826418502037,0.0510083621341492,0.027396411490054826,13.94741,1.0816774,,,"NOT_AVAILABLE",4990.02,
4421572765702382592,229.61170106961382,22.280720152571472,2.065008542339461,38.198803915787316,,,18.01064,,,,"NOT_AVAILABLE",,
4421572044144898304,229.63934301911112,2.503374597312383,2.0666715358269347,0.8885481883181746,,,17.851753,,,,"NOT_AVAILABLE",,
4421478929254159488,229.608949070241,20.06977218461672,2.0564310841964595,34.14389799382962,,,19.601288,,,,"NOT_AVAILABLE",,
4421572971858458880,229.63045219507148,1.2379716729562522,2.090843176453424,0.5462517754931382,,,17.34258,,,,"NOT_AVAILABLE",,
4421573384175394432,229.65061733164993,0.11920510900946614,2.106607211900612,0.11040484311851378,0.08166079686637769,0.14746604108210606,17.341892,0.7477646,,,"NOT_AVAILABLE",,
4421572800059494016,229.62506456302398,1.6903288373209764,2.071607890021828,0.9609268802038791,,,17.764359,,,,"NOT_AVAILABLE",,
4421572078504333824,229.65743733675902,0.2807623838950332,2.0631967342979425,0.1939780350766452,-0.5135328525898368,0.23594222858921524,17.973494,0.59054184,,,"NOT_AVAILABLE",,
4421572112864057984,229.67686088387367,1.8120794190820078,2.0734507923067187,1.0705593785707754,,,19.490557,,,,"NOT_AVAILABLE",,
4421572834423864832,229.6091624082715,4.04451934743029,2.0721173886168365,6.014325271321488,,,17.956633,0.74733543,,,"NOT_AVAILABLE",,
4421571975424924032,229.6539305597207,0.4422427432532298,2.0487536808896096,0.23594269446947372,-0.12538835742368165,0.2887634193491156,18.000462,0.66010284,,,"NOT_AVAILABLE",,
4421572181583921536,229.65457254409773,0.0788787614257121,2.081714625119661,0.07999252259836304,0.06848043635589204,0.09573822724891702,15.474482,0.197155,,,"NOT_AVAILABLE",5286.9,
4421571769269834752,229.66500497710408,27.948962401129148,2.043533152006652,51.35385710384442,,,19.785034,,,,"NOT_AVAILABLE",,
4421573659053867136,229.62371843209334,1.233744691810811,2.1252158857414827,0.5627513462536394,,,18.844564,,,,"NOT_AVAILABLE",,
4421572903138574208,229.63732440637207,0.2473558865678382,2.077371664413652,0.21818034107298326,1.6912470015969445,0.2940129403890884,15.705273,0.6472359,,,"NOT_AVAILABLE",5095.6333,
4421572593904854016,229.6798391666989,9.077588904088223,2.0966672033704254,4.096719354276844,,,20.1739,,,,"NOT_AVAILABLE",,
4421478997974366208,229.5994636529053,21.514639736360902,2.061511997458084,36.74300710136942,,,19.926535,,,,"NOT_AVAILABLE",,
4421572903142756864,229.6405790460945,0.21672347466139866,2.074955303502101,0.17229265978794567,1.6588567443238882,0.23615235885389252,14.722032,0.48891926,,,"NOT_AVAILABLE",5095.6333,
4421573379883543424,229.63966121215068,0.021160046181061765,2.1099806546011686,0.019452485548225734,0.06681539128079779,0.024711697905447683,13.01431,1.3931513,,,"NOT_AVAILABLE",4569.52,
4421573418535324800,229.65092860787976,0.9535095069171379,2.1180901293250467,0.6718100796953815,,,19.048025,,,,"NOT_AVAILABLE",,
4421573659053818624,229.63151408044337,1.2341396867353664,2.126582751182556,0.5327913129556713,,,18.9161,0.68577766,,,"NOT_AVAILABLE",,
4421572112868668672,229.6647106553092,0.08239344385819823,2.0689030680243428,0.07899766426416542,-0.30853470005636463,0.10264757687253621,16.007383,1.0059881,,,"NOT_AVAILABLE",5190.3335,
4421572181583780096,229.6559188586561,6.586545051738683,2.0730105831188173,6.457067896545059,,,18.239227,,,,"NOT_AVAILABLE",,
4421573143657587328,229.59959749208716,0.3354588307927048,2.095962794676009,0.2332676219710335,-0.11846071618715968,0.3125489922950676,18.672321,,,,"NOT_AVAILABLE",,
4421573586041972736,229.6372276693956,1.0635211855472964,2.1226198773024714,0.8913330814911519,,,17.914688,0.711504,,,"NOT_AVAILABLE",,
4421572903138573440,229.63462036416632,0.32947407401288076,2.0757971545126908,0.3235479610889815,-0.5268135564799998,0.3718923020087023,16.100933,,,,"NOT_AVAILABLE",,
4421573418535324928,229.65039730282743,0.1766151834439457,2.1188499341407314,0.14544990601539118,0.3531291348283246,0.19823361329290914,18.127245,,,,"NOT_AVAILABLE",,
4421572147224157824,229.6477165239489,2.3523112318980273,2.0750489251650204,1.1080772978783817,,,17.20577,,,,"NOT_AVAILABLE",,
4421572834423865088,229.611289578188,11.093600730607914,2.0701677204102844,18.928100857753865,,,17.936022,0.6977253,,,"NOT_AVAILABLE",,
4421571975424923776,229.65404881301163,0.1293951126416005,2.0496874796894273,0.11758181126960864,0.33995880724574723,0.15873350489851212,15.432468,0.16177273,,,"NOT_AVAILABLE",7810.5,
4421573349817628032,229.66152979505887,0.36164312805528864,2.1106155383072984,0.5319034913672874,,,18.620138,,,,"NOT_AVAILABLE",,
4421573006218226688,229.6361200802304,0.9419897924159842,2.095502886607184,0.6962855780456373,,,17.211681,,,,"NOT_AVAILABLE",,
4421573590334051072,229.64453823084787,3.07067425848251,2.1162268661357797,2.3176022404490597,,,17.835546,,,,"NOT_AVAILABLE",,
4421573242444569344,229.5978004067224,0.0460453366103033,2.105839017186023,0.04243619975393699,0.12047247895826045,0.0544034408939448,15.265153,0.06911659,,,"NOT_AVAILABLE",9578.5,
4421573281096746624,229.61193871542167,74.8339521012931,2.118388337060411,43.392246831252265,,,19.606495,,,,"NOT_AVAILABLE",,
4421572147223942272,229.64689437153973,85.48315995870237,2.062860269545885,49.20612992612275,,,17.973423,,,,"NOT_AVAILABLE",,
4421573212376892032,229.62895172317434,51.32121805825588,2.1043668681096634,27.38334202477855,,,18.29462,,,,"NOT_AVAILABLE",,
4421572490821304192,229.68374130111536,0.6071912036167222,2.0836394516573504,0.49526290989135646,-1.1049232835983076,1.1995559195871923,18.878212,0.64452744,,,"NOT_AVAILABLE",,
4421572284665727744,229.68550639050414,2.3683154237257757,2.074466142503756,3.3509908093980743,,,20.136604,0.30291557,,,"NOT_AVAILABLE",,
4421573178017325952,229.61588677263867,2.316774120836474,2.10613654596346,2.4229807857553856,,,19.33803,,,,"NOT_AVAILABLE",,
4421571975429715712,229.64274519029908,2.835234922970055,2.0550640501562794,3.8006000981439105,,,18.755608,0.8076973,,,"NOT_AVAILABLE",,
4421571906705472512,229.67129796017977,0.7815957860455648,2.0611263707743426,1.226129759132264,,,19.475466,,,,"NOT_AVAILABLE",,
4421573590334051200,229.64425064958604,0.43858823586417967,2.115853489186809,0.40362653697700007,0.11803627652766079,0.5279036498911407,17.233644,0.7662792,,,"NOT_AVAILABLE",,
4421572765702390144,229.61189514513967,18.995916115586517,2.0623131537224166,32.40153082179306,,,18.882727,,,,"NOT_AVAILABLE",,
4421573384175383168,229.64691241951616,0.5770727455847978,2.104192643409619,0.3549043069561918,,,18.362747,,,,"NOT_AVAILABLE",,
4421478104619811968,229.6232414154894,0.2741430115530978,2.0380652429332073,0.16978593770092096,0.3429092290755539,0.22520547373774702,18.255476,,,,"NOT_AVAILABLE",,
4421572044144705152,229.6389868520183,3.465413287788682,2.055751840532778,4.237071821539167,,,18.958311,,,,"NOT_AVAILABLE",,
4421573281096746496,229.61202721825,1.1610842369472245,2.118605753569459,0.5220848394373973,,,19.010843,,,,"NOT_AVAILABLE",,
4421572765704387584,229.61454977864597,13.411510686081247,2.0678033465006016,22.86861473202778,,,18.54843,,,,"NOT_AVAILABLE",,
4421477898461312256,229.6363679382225,0.24784005984393062,2.0316871661414373,0.21399405690282816,1.3263327381988363,0.29153954799937365,18.458626,0.7349739,,,"NOT_AVAILABLE",,
4421573178017059584,229.6164750257794,2.1965401245735516,2.0914633256322404,1.0636458781676406,,,17.924437,,,,"NOT_AVAILABLE",,
4421572971858523008,229.62131296941865,0.4122687039224409,2.087729076981836,0.23033313766708835,,,17.916103,0.8012657,,,"NOT_AVAILABLE",,
4421573384175383296,229.64726400095344,1.5355804135974722,2.103890946194856,0.9740270007842993,,,18.348488,,,,"NOT_AVAILABLE",,
4421572044144727424,229.6464309118687,14.211690785379826,2.061480137190417,5.030622643479292,,,17.516703,0.874485,,,"NOT_AVAILABLE",,
4421573006218406656,229.6290330886154,0.7341377989463704,2.101369736540991,0.28231665545049767,,,18.072824,0.7165947,,,"NOT_AVAILABLE",,
4421572834421865216,229.60855034146337,0.751022849878312,2.0681539752210694,1.242289279056869,,,18.237268,,,,"NOT_AVAILABLE",,
4421573586041974272,229.64173813284773,0.0209088804385016,2.121032202771707,0.018453792347058833,0.1114391666557979,0.02355166069747637,13.4905405,1.2899132,,,"NOT_AVAILABLE",4839.0,
4421573006218224256,229.643497741425,0.43471464739202015,2.099955302190077,0.5010982785505781,-0.40605488851987726,0.5580900161901978,17.54105,0.7489643,,,"NOT_AVAILABLE",,
4421573040578200448,229.59338347515575,1.2110063098391368,2.082614426759562,1.4572665596365881,,,19.235483,,,,"NOT_AVAILABLE",,
4421573590334185472,229.63169156287373,1.8633130903095514,2.1159287700527476,0.8047617123441181,,,19.22727,,,,"NOT_AVAILABLE",,
4421571941065186944,229.6425963967853,0.2259870896033135,2.0418461333061853,0.16820439068421544,0.0824778830331421,0.22991208329269125,18.49324,0.6102028,,,"NOT_AVAILABLE",,
4421572559541017600,229.67413063581617,0.15786131676752893,2.0907723159713347,0.23040940391947384,0.17135332284755073,0.229926385310346,18.169086,,,,"NOT_AVAILABLE",,
4421573212376892160,229.6287876011915,0.4618587358834719,2.1040362695221915,0.2554390003413256,-2.4806515236310385,0.30789360759678536,17.785154,0.627985,,,"NOT_AVAILABLE",,
4421573620401712768,229.6418996078281,0.1656562432548312,2.1238029233365165,0.13411278796910986,0.6169799590135349,0.17475870557243708,17.917145,0.75048447,,,"NOT_AVAILABLE",,
4421573006218224128,229.6430403566017,1.339391721262733,2.100212899127311,2.7759908718696056,,,17.726091,,,,"NOT_AVAILABLE",,
4421478929254160384,229.60961427564894,0.279802570210672,2.0548434561686055,0.3563618134109445,,,18.000359,,,,"NOT_AVAILABLE",,
4421478104620439936,229.6229245158864,0.5885129640550639,2.033673924356196,0.40993002094295283,0.3789456799545444,0.48738352069803564,19.41888,0.472229,,,"NOT_AVAILABLE",,
4421573281096746112,229.61468077893306,1.556486101521999,2.1202284902178232,2.5798640383319573,,,19.127651,,,,"NOT_AVAILABLE",,
4421572009788954624,229.62598668224638,10.257049584784582,2.0580602002765005,3.121014961080892,,,18.679556,,,,"NOT_AVAILABLE",,
4421477898461312128,229.63688019536687,0.31048434290502885,2.0319351432696893,0.3447265141306567,0.9122031706482773,0.4407119423928676,18.884964,,,,"NOT_AVAILABLE",,
4421571769266494976,229.65761176731877,0.3449676401674164,2.0511980966802126,0.1795876867603039,0.2558652853203661,0.21194637131396113,18.08265,,,,"NOT_AVAILABLE",,
4421572593903325696,229.67474472731817,0.34447870343655346,2.102257700551115,0.6464234623326359,,,18.632366,0.6713791,,,"NOT_AVAILABLE",,
4421573590334185728,229.63040511259865,1.6091457159424478,2.1151512102433525,0.7405861657666172,,,19.299921,,,,"NOT_AVAILABLE",,
4421573379883544320,229.64181796048265,0.13615992402957647,2.1040406989558416,0.07032625124901612,0.10143561020398949,0.05217393407730042,14.799537,1.1078129,,,"NOT_AVAILABLE",4933.8125,
4421572009788143744,229.6233914326086,7.761184154326259,2.04462365098848,5.243556678973567,,,19.496088,0.8192711,,,"NOT_AVAILABLE",,
4421572765703849600,229.61993039160166,0.05441419741002273,2.0630711284629397,0.06714274483355161,0.15783365342530192,0.06521090163443809,15.821443,0.976696,,,"NOT_AVAILABLE",5286.9,
4421573281096745984,229.6144637499954,1.8209054705262997,2.120405341715964,0.9991340164886413,,,19.204758,,,,"NOT_AVAILABLE",,
4421573349817616512,229.6649275835699,17.848684734762163,2.1075055727609597,30.505645813042577,,,19.127995,,,,"NOT_AVAILABLE",,
4421573178017191552,229.61671492682012,0.9748429971750896,2.0993876535002114,0.4718588862864552,,,18.24782,,,,"NOT_AVAILABLE",,
4421573315457919616,229.65910324134978,0.7196332966329593,2.106106954653623,1.4019562244826334,,,19.111868,,,,"NOT_AVAILABLE",,
4421572937498611840,229.6485331182888,0.16805976782384863,2.0967877762640303,0.21630717612014558,1.7112627523450814,0.22039700435258652,17.598745,,,,"NOT_AVAILABLE",,
4421573281096746368,229.614776353596,1.3900578430565236,2.119713267197688,0.5851682815423146,,,19.025213,0.54283905,,,"NOT_AVAILABLE",,
4421572903138509952,229.6328869893565,42.24549849429776,2.0745694138988777,77.42232102552438,,,17.376863,,,,"NOT_AVAILABLE",,
4421573178017326720,229.60805664270234,3.5826507980853566,2.1013765847064514,2.987470353129675,,,18.999605,,,,"NOT_AVAILABLE",,
4421572903138489856,229.6384635329413,5.609083849609016,2.0755488261001744,4.173815152234638,,,16.746405,,,,"NOT_AVAILABLE",,
4421573586041973760,229.6398564583262,0.023488876759164834,2.118014548159976,0.02940960502742375,0.09098275001000701,0.03335331466158559,13.774018,1.1720047,,,"NOT_AVAILABLE",4920.0,
4421572765702387968,229.61284482046722,22.824207927478973,2.0614668328746872,39.132942312827005,,,18.960047,,,,"NOT_AVAILABLE",,
4421478929255408768,229.6032705025053,0.031091267322119073,2.048080397442946,0.03272757940134785,0.038944680280268165,0.03975785891118624,11.567021,0.9318514,50.492002369876474,5.2791381531218216,"VARIABLE",5286.9,
4421571941065211264,229.63151055563145,1.5670263239738957,2.037521034282771,2.4841062079191283,,,18.895191,,,,"NOT_AVAILABLE",,
4421478997974367360,229.5964313627034,2.349747061067245,2.057844513722284,2.1874484261243627,,,20.301228,,,,"NOT_AVAILABLE",,
4421572490824169216,229.67677043894767,0.6911220726865258,2.085572776941095,1.387479145223325,,,18.744263,0.79909325,,,"NOT_AVAILABLE",,
4421573281096746240,229.61489852154895,40.08933512461984,2.1200938598871044,21.40874722141132,,,20.025211,,,,"NOT_AVAILABLE",,
4421573178017326592,229.60791616185628,0.914529307288251,2.101617614105313,0.5474951138898243,,,18.260994,0.74077606,,,"NOT_AVAILABLE",,
4421571769266322816,229.66451263267513,0.28665113928264246,2.0411806523860183,0.18661007077425837,0.14292004308314155,0.26061195761238387,18.530886,0.55044365,,,"NOT_AVAILABLE",,
4421573281096770560,229.6102871219582,3.0473000841806335,2.1191850341628626,1.547243188129107,,,19.48225,0.44147682,,,"NOT_AVAILABLE",,
4421572009790140800,229.62956591611731,0.4056248970009564,2.056577169759796,0.24731587965166965,-0.3995625870992909,0.3801281197775322,18.715311,,,,"NOT_AVAILABLE",,
4421572971858350464,229.62559908099118,0.5898356858694802,2.082331895790218,0.7409368660036657,,,17.304098,0.55568695,,,"NOT_AVAILABLE",,
4421572868779308672,229.6081690221472,25.95656067634339,2.0795837364849805,44.584990839710635,,,18.56237,,,,"NOT_AVAILABLE",,
4421573212377088384,229.62294947251982,0.6286644817562937,2.112271605061908,0.29652601368417614,,,18.033674,0.6092777,,,"NOT_AVAILABLE",,
4421573384176507776,229.6546601540403,0.7033450208640597,2.1109233193518238,0.42082742805296647,,,18.535305,0.8526459,,,"NOT_AVAILABLE",,
4421571872349040256,229.66237501927756,0.5468608240737141,2.05259838151103,0.28630541990365177,0.28676920762582847,0.32096466400516493,18.593977,0.693676,,,"NOT_AVAILABLE",,
4421573178017191680,229.6170072239041,0.5699377195886878,2.0988674845588373,0.2668925067578761,,,16.96678,,,,"NOT_AVAILABLE",,
4421573074937939584,229.59976783483893,0.17237765537237762,2.0862203846220355,0.16395886855906452,-0.11667807937074151,0.20427468652706607,18.387705,,,,"NOT_AVAILABLE",,
4421573001926421888,229.64060548888943,0.06403554209071173,2.1014452716616674,0.05899481912431054,-0.0620956503645834,0.07685362844256752,15.118162,1.1293097,,,"NOT_AVAILABLE",5143.45,
4421573006218224000,229.64353531031938,0.29268528533434335,2.099409417556678,0.28152274934804167,0.47999494835627166,0.33701905986218117,17.727068,,,,"NOT_AVAILABLE",,
4421573590334187264,229.6370026302826,14.117572615442931,2.1200090896831227,3.424574013516072,,,19.446447,,,,"NOT_AVAILABLE",,
4421572903138544384,229.63453670516648,0.058047009139692574,2.0877868920820184,0.04879708425374672,0.3284207987105794,0.06575880284445304,15.242048,,,,"NOT_AVAILABLE",,
4421572834421903872,229.60228056876494,1.875504383466255,2.0673388593037627,1.434443651417276,,,18.733864,0.7686863,,,"NOT_AVAILABLE",,
4421572971858523648,229.62422836106745,4.371575758695356,2.08958093924017,2.844824984892118,,,17.631449,,,,"NOT_AVAILABLE",,
4421572490824159104,229.67779619386963,0.5446048644107973,2.0865811387198185,0.8947013220055035,,,18.849926,,,,"NOT_AVAILABLE",,
4421573242444569728,229.5986215473477,0.14273413523295367,2.108359488522214,0.10922548740995595,0.2437374104952512,0.14338081243671227,17.834564,0.74157333,,,"NOT_AVAILABLE",,
4421478173339916800,229.6181948704764,0.8837045549409444,2.0410520724394066,0.848090930207839,,,19.745975,,,,"NOT_AVAILABLE",,
4421572078504288768,229.65511958775667,1.9432151756376037,2.059031440229325,3.186410654944793,,,18.43565,,,,"NOT_AVAILABLE",,
4421571872349040128,229.6625594943177,1.4898468836450187,2.052483755943371,0.6871686724374834,,,18.900648,,,,"NOT_AVAILABLE",,
4421572490824158848,229.67733797928832,14.52668998441071,2.086577810979264,24.61906833909585,,,18.82305,0.6081047,,,"NOT_AVAILABLE",,
4421571872345555712,229.67837999881448,0.1556265250434214,2.0516495827590733,0.15322937066289008,0.11535203163418245,0.20529972204448382,18.213987,0.70666313,,,"NOT_AVAILABLE",,
4421573384177916928,229.64981680808003,0.3588194193794579,2.107900905524067,0.2913708101165925,-0.6265262276549255,0.38176509493098587,18.543114,0.80007935,,,"NOT_AVAILABLE",,
4421572559543725312,229.6609898788161,17.516926437018203,2.0878710449017714,29.686535425484532,,,18.253803,,,,"NOT_AVAILABLE",,
4421572559543635456,229.67278176821708,12.068412497034728,2.094670605005719,20.593165232629232,,,18.309038,,,,"NOT_AVAILABLE",,
4421572009788145152,229.6195193238163,0.3228986515973526,2.050297673995511,0.39961181991583494,0.305157787647306,0.5004647544444145,18.542175,0.64029884,,,"NOT_AVAILABLE",,
4421573178017112832,229.62045815422792,55.83715725330077,2.096933533556576,29.76416279138487,,,18.190216,0.54050255,,,"NOT_AVAILABLE",,
4421573208084849280,229.63397142306667,0.02578220349190924,2.106660797597014,0.020456091462560527,0.11783494057383187,0.027533318728538633,13.718635,1.1394949,,,"NOT_AVAILABLE",4962.475,
4421572834419533184,229.59562882476618,2.360845227665964,2.070489118040619,1.706140516415203,,,19.81467,,,,"NOT_AVAILABLE",,
4421478929253640704,229.60458174323878,0.10630356724207361,2.053227129331512,0.0853927051168084,-0.061168965690871484,0.12498124392889616,16.54173,1.1083078,,,"NOT_AVAILABLE",5095.6333,
4421572971862340352,229.62778367528549,0.1302799045709634,2.090697838199304,0.11920614074569198,0.07490477342875354,0.1570652170998119,15.819716,0.82201767,,,"NOT_AVAILABLE",5102.31,
4421478104619813760,229.6188266325956,0.2305348972299086,2.0355014046650948,0.14068597965195778,0.3770372278652443,0.17875919572322063,18.15613,0.6876068,,,"NOT_AVAILABLE",,
4421573624693879808,229.64520876582569,0.15156625039963778,2.1215651283272843,0.12461642699395817,0.4829448481648348,0.16099452624480465,18.04501,0.6857109,,,"NOT_AVAILABLE",,
4421572044144939136,229.63112369769078,0.19785631852653596,2.0644631174830916,0.2562727784990726,0.24214747360907993,0.26635618934053173,15.213705,0.92905426,,,"NOT_AVAILABLE",5095.6333,
4421573212376929664,229.62523163519043,56.71243370367893,2.103935612819725,30.32037079899184,,,17.878857,0.7439022,,,"NOT_AVAILABLE",,
4421572765702388864,229.61596218918754,15.037790651056849,2.0561300059805285,25.580422140910592,,,18.710299,0.793417,,,"NOT_AVAILABLE",,
4421572834421906816,229.60282688440063,0.5275893767494353,2.065427459176207,0.8296114286364158,,,19.346632,0.8412094,,,"NOT_AVAILABLE",,
4421571975424922112,229.6469024460048,1.0792218672879597,2.0442553520914193,0.6034049929096268,-0.7758628985635613,0.6553542061133408,19.234203,,,,"NOT_AVAILABLE",,
4421573139365354752,229.59888067945647,0.25849734051152096,2.102064678924888,0.2427088435746629,-0.4151202193241876,0.3074171364727107,17.962963,0.65436363,,,"NOT_AVAILABLE",,
4421573654761448192,229.63420716498555,0.38713415718948213,2.126292292926374,0.3067420542467933,-1.0508754128890054,0.4147975893835889,17.782381,0.7520199,,,"NOT_AVAILABLE",,
4421573349817617408,229.66807745051415,0.2760735709204938,2.101118430014043,0.49896381195653516,,,18.043839,,,,"NOT_AVAILABLE",,
4421573178017326464,229.6120518425944,49.69840117532224,2.103836474669047,26.543234201561887,,,18.674726,0.6936798,,,"NOT_AVAILABLE",,
4421573040578237696,229.58957394997012,0.6351622739820549,2.081693053509053,0.5946489514872869,0.6423992255604172,0.799378061680229,18.89318,0.7928772,,,"NOT_AVAILABLE",,
4421572765702393728,229.6096735890981,13.40659857160173,2.063455215584291,22.86756415291221,,,18.446308,,,,"NOT_AVAILABLE",,
4421572868783124480,229.60905634339463,0.058853842754048154,2.0782146920054876,0.07062756682435557,0.18514080863985716,0.08383791805173875,16.162703,0.98807144,,,"NOT_AVAILABLE",5261.27,
4421572834419569664,229.59832281501966,0.03497525687983195,2.073410148518774,0.03215726317655207,0.1390789142902805,0.040767039996379054,14.724491,1.102869,,,"NOT_AVAILABLE",4940.2563,
4421573315455735680,229.65961103196986,17.574139902171083,2.103290535426696,4.059604193223488,,,17.87375,,,,"NOT_AVAILABLE",,
4421572078504439936,229.65766930283547,1.3453725048909817,2.067259305076096,0.364111767051694,,,18.43299,,,,"NOT_AVAILABLE",,
4421572078504288256,229.65450588061205,1.1123951556882712,2.0590742616160957,2.562385227946757,,,18.61751,,,,"NOT_AVAILABLE",,
4421573006218266112,229.63362428740623,1.329897726330274,2.095603366121088,2.1300420092220613,,,18.178436,,,,"NOT_AVAILABLE",,
4421572765704455808,229.62387729578398,28.329494421746464,2.060701802982655,48.48887328780603,,,18.298336,,,,"NOT_AVAILABLE",,
4421573212377064704,229.62075439032319,0.6940974661174324,2.109249234205801,0.30275196182363534,,,17.748617,0.64587593,,,"NOT_AVAILABLE",,
4421573006222105856,229.62705077342827,1.3231397093015236,2.0992675190853434,0.5799410041398508,,,17.137424,0.7269983,,,"NOT_AVAILABLE",,
4421573074937938944,229.6060201848471,0.47080780389937815,2.0899223013975803,0.30777968823515695,0.6396325651619061,0.339344324184186,18.58725,0.40501595,,,"NOT_AVAILABLE",,
4421572009788144640,229.61874116730004,9.315571790836897,2.0518037341513358,5.867987984446678,,,18.980532,,,,"NOT_AVAILABLE",,
4421572559544193920,229.6682270215631,12.126952461568253,2.081412646730202,5.073466889142122,,,18.373262,0.63915825,,,"NOT_AVAILABLE",,
4421572147228501632,229.64475806316827,0.1977101367921185,2.0773376882081758,0.3168277970200207,-1.6481082763097732,0.3081673169281252,15.7879,,,,"NOT_AVAILABLE",,
4421572078504439808,229.6579163936133,0.15252350413964597,2.0680396437304283,0.11703837934292016,0.24251896633139536,0.15567832358339945,17.72465,0.79891396,,,"NOT_AVAILABLE",,
4421573212377070208,229.62842892362895,41.27363463779488,2.1143864585346663,22.022773578487936,,,19.317135,,,,"NOT_AVAILABLE",,
4421573040578200960,229.58958231924333,1.099565128094199,2.079694718278596,1.0713325751518856,,,17.268167,0.7781639,,,"NOT_AVAILABLE",,
4421572971858486400,229.62386384704794,2.0715440162847414,2.0872304516141273,13.457769004836145,,,17.700027,0.72776604,,,"NOT_AVAILABLE",,
4421572971862339840,229.62242449150642,0.34695605868909263,2.0868013335315783,0.40491428080065467,-0.08520534190705312,0.47516652997745096,17.61762,,,,"NOT_AVAILABLE",,
4421572971858486272,229.62419239884161,1.9252605676204615,2.0879469658036607,1.0800146827698822,,,17.591557,0.45733356,,,"NOT_AVAILABLE",,
4421573349817571712,229.67046691229086,3.697080015243947,2.109405370543946,2.9992120738293453,,,19.650728,0.9176998,,,"NOT_AVAILABLE",,
4421478104620441344,229.6222580505696,1.8959943603024174,2.0337092519855404,1.8132366068502785,,,20.320677,,,,"NOT_AVAILABLE",,
4421572009784964992,229.6291439992464,0.230882650636439,2.049622373407698,0.24275629709287302,0.29082314059128145,0.3701502047473824,18.435072,,,,"NOT_AVAILABLE",,
4421571975425074944,229.6462835027832,2.6904236327633897,2.052761248855854,3.982524347415094,,,18.294996,,,,"NOT_AVAILABLE",,
4421573349817617792,229.66834118112823,0.43662011702818543,2.101790619732302,0.5350440608103032,,,18.084688,,,,"NOT_AVAILABLE",,
4421573586041970816,229.63307667497932,0.03515501744427493,2.1196982718525477,0.03532508447950476,-0.01579220502718707,0.04326661813964427,15.133258,0.24276733,,,"NOT_AVAILABLE",9281.25,
4421573074941582336,229.6117532727582,0.15159913087907048,2.0893896429653007,0.14409359118639364,-0.6002918847583205,0.1785841870063526,17.53952,0.77637863,,,"NOT_AVAILABLE",,
4421573040578200832,229.58973901394126,14.392713690068916,2.0797565942972627,24.573451334197927,,,18.582384,,,,"NOT_AVAILABLE",,
4421478929254161920,229.6086477125275,0.7620222751420394,2.055285525724203,0.8445642564908573,,,19.258314,,,,"NOT_AVAILABLE",,
4421572834419559040,229.59673900921214,0.45700938622747345,2.0719084264471053,0.24807587958952437,,,17.0696,,,,"NOT_AVAILABLE",,
4421571975424921600,229.65339664861165,0.6410636654713519,2.048286931467652,0.33398292498775284,-0.20074875896528455,0.3498641187499105,18.89011,0.32504845,,,"NOT_AVAILABLE",,
4421572009784964864,229.6286453216023,20.067289035177375,2.049646592403943,34.0027307607213,,,18.584812,,,,"NOT_AVAILABLE",,
4421571975425074816,229.64627198023604,0.08044934315219254,2.053293851467995,0.05648830860485756,0.4095194615849957,0.07180698900467983,16.434895,0.938117,,,"NOT_AVAILABLE",5286.9,
4421572800063615232,229.62367039002697,10.859797153996167,2.0773235476760403,18.52892446883425,,,17.667614,,,,"NOT_AVAILABLE",,
4421478929254162048,229.6087790957348,2.3273103132570085,2.055471122298349,1.7959521669336898,,,19.011314,,,,"NOT_AVAILABLE",,
4421572971862341120,229.6261287920039,0.1973074560167461,2.089866127494232,0.17381434107286764,-0.36987525683894623,0.2407148477630298,16.437319,,,,"NOT_AVAILABLE",,
4421573384175589888,229.6451398870038,0.2990210810000049,2.1146696459340903,0.19978118732164385,0.39963272206255246,0.2684635916013584,18.515162,0.69519806,,,"NOT_AVAILABLE",,
4421571975424923520,229.65345128227196,0.19669516075728904,2.0495521752452444,0.14034013694639644,0.8241902151248632,0.19290226613134795,17.51471,0.6517067,,,"NOT_AVAILABLE",,
4421572765702386560,229.61513834603863,0.18240856317555665,2.0581885368358317,0.27174592647417517,,,17.322527,,,,"NOT_AVAILABLE",,
4421573109297855232,229.589489587313,0.7305172375141221,2.0901340339064722,1.0257320053548755,3.0441438402000123,1.4928582498137473,19.706726,,,,"NOT_AVAILABLE",,
4421571872345648640,229.66906437469729,0.45345509776836446,2.055099666541938,0.3491707235738027,0.8087334560393071,0.46123456207004393,18.71275,,,,"NOT_AVAILABLE",,
4421572868779125376,229.61959046288285,0.1937141948924423,2.07812749652871,0.23873906336155828,-0.35989640336319484,0.25399266725666103,17.715982,,,,"NOT_AVAILABLE",,
4421571971134187648,229.64784443061245,2.0546270299998226,2.0443754750339638,4.688329170484586,,,18.837759,,,,"NOT_AVAILABLE",,
4421572800063590144,229.62527994642807,0.03593814463349021,2.067006474877253,0.03563876656858264,0.18603812174430168,0.04497365467691734,15.028444,0.6694517,,,"VARIABLE",5831.0,
4421572834419559296,229.59576597135444,0.15793084763594908,2.0725462801437993,0.15654174676430113,0.4523410367107578,0.19005394944288653,17.812294,0.7377529,,,"NOT_AVAILABLE",,
4421573384176508160,229.64858068015192,0.6964519450141564,2.107608102186919,0.6466436318639854,6.434624466589158,0.7863897671820373,18.356543,,,,"NOT_AVAILABLE",,
4421572800059514112,229.62829831997502,0.336494695621597,2.0745618383337283,0.5011188320159001,,,16.654688,,,,"NOT_AVAILABLE",,
4421573384177913984,229.64832782048944,0.5431096263440909,2.11386298980752,0.3115952806068567,-2.826690096275735,0.47132022570298543,18.331644,0.59417915,,,"NOT_AVAILABLE",,
4421573586041972224,229.63627389411843,0.7248051924564536,2.1123647147990905,0.6769207148218686,,,16.913988,0.8442507,,,"NOT_AVAILABLE",5095.6333,
4421572800063615360,229.62375721386874,1.4772500911892192,2.0767065855805305,2.541986740362249,,,17.55481,,,,"NOT_AVAILABLE",,
4421572834419559168,229.59660158216778,0.9045716322239901,2.0723614238789203,1.5077372154800304,,,18.310986,,,,"NOT_AVAILABLE",,
4421478104619814784,229.62679476159366,1.3678765341295698,2.040987223629052,2.301956075511049,,,18.728634,,,,"NOT_AVAILABLE",,
4421572112864206336,229.67145437279086,0.7686644811991049,2.077199941297828,1.5160738900093649,,,19.063562,,,,"NOT_AVAILABLE",,
4421572009785125760,229.61835705094634,2.726964382228889,2.0523370814991253,4.356237434886329,,,18.618544,,,,"NOT_AVAILABLE",,
4421573281096645248,229.62111030124478,44.505969974494086,2.1167690030917234,23.71866953509217,,,19.482601,,,,"NOT_AVAILABLE",,
4421478104619814400,229.62146022988495,0.6204156344202322,2.037360170259579,0.31488619650438,,,18.54095,0.7642689,,,"NOT_AVAILABLE",,
4421572559541015680,229.6690019027795,0.3743174774872175,2.088709610815092,0.6034775191316695,,,18.286211,,,,"NOT_AVAILABLE",,
4421573418537091072,229.65698462672148,0.7520207638669947,2.120977192707837,0.7894957267464895,,,18.637224,0.6662979,,,"NOT_AVAILABLE",,
4421572490821301632,229.68073691338944,0.1425788112777564,2.081726446724954,0.1634093131728167,0.0717883726663177,0.21245104055314712,17.953886,0.68730354,,,"NOT_AVAILABLE",,
4421478929253639424,229.60292909827643,20.47066443819497,2.0522633409926656,34.31308146741858,,,19.286587,,,,"NOT_AVAILABLE",,
4421573384175352576,229.64952677754928,0.5226076674186124,2.1040131881597235,0.49341917917345174,1.2414675676393387,0.5851138232772438,18.266443,0.4427986,,,"NOT_AVAILABLE",,
4421573418535283840,229.65314952650738,0.68110028402035,2.1174290633827457,0.6217807784312821,-1.166890799847691,0.793084984178699,19.173048,0.6889076,,,"NOT_AVAILABLE",,
4421573659053874304,229.6243325187726,1.3151348094857338,2.126171800378643,0.5567836593888718,,,19.145931,0.6163597,,,"NOT_AVAILABLE",,
4421573586041972608,229.63721654726422,0.03822374541439444,2.1183394048765187,0.034611708616933384,-0.16794588728362694,0.043347082622245625,14.941455,1.0838575,,,"NOT_AVAILABLE",5013.17,
4421573001926420224,229.63676474489853,0.0518391440228936,2.103365602522211,0.049862325476136754,0.14712043129874372,0.0566011991657053,15.669656,1.0302992,,,"NOT_AVAILABLE",5140.2,
4421572937498299264,229.64270256473162,0.6393746622651906,2.086600097123348,0.326578623545967,,,15.083557,0.49363422,,,"NOT_AVAILABLE",5095.6333,
4421572044144702464,229.64379434149393,3.334912931250422,2.058720999954221,4.015249108029293,,,19.187258,,,,"NOT_AVAILABLE",,
4421573281096752512,229.6110444528495,13.409373697774503,2.1179119293355244,3.0794815652503593,,,18.526724,0.65740967,,,"NOT_AVAILABLE",,
4421572009785125632,229.6181523337617,4.712969237304545,2.0520692440197976,1.4435190176297092,,,18.741611,,,,"NOT_AVAILABLE",,
4421573212376985088,229.62196407865008,1.5066293284215644,2.105084756479613,0.7493908286237605,,,18.377096,,,,"NOT_AVAILABLE",,
4421572971858491520,229.6269552665115,0.06604179634711936,2.0899242654412507,0.05378316698722282,0.006972100508167108,0.0732147543072401,15.889135,0.1337471,,,"NOT_AVAILABLE",5248.25,
4421572937503066880,229.64837665547032,1.7308865046557027,2.084139895572518,2.2682390463824054,,,17.351074,0.7477484,,,"NOT_AVAILABLE",,
4421573178017159424,229.61128978523357,0.24896701785062142,2.0935529556151455,0.26223911535825184,1.7755709423100825,0.2887619908076974,18.053295,,,,"NOT_AVAILABLE",,
4421573212377071104,229.6218935125149,15.246966553285988,2.1109758087468617,5.056629139583933,,,19.098988,,,,"NOT_AVAILABLE",,
4421573586041971840,229.6345801865844,0.04937568280506034,2.1102225939935515,0.04470041713549777,0.057323630901491986,0.05884703998232444,15.620289,0.04537773,,,"NOT_AVAILABLE",9571.5,
4421572937498450688,229.64538232563186,0.3304908427860331,2.0836185970101013,0.25499217663667206,-0.44338933555176646,0.31152749425623855,16.93702,,,,"NOT_AVAILABLE",,
4421572181583817216,229.66005109750338,25.912898753186745,2.077182472121653,51.11003927397917,,,18.417934,,,,"NOT_AVAILABLE",,
4421572044144728192,229.63819227201586,9.230314223326783,2.057055338909854,1.6818662635342931,,,18.635439,,,,"NOT_AVAILABLE",,
4421478104619814912,229.62705295042443,0.13218569357352997,2.0409686318746236,0.09590851865512225,0.2200625004432181,0.12224669300834559,16.992687,0.883482,,,"NOT_AVAILABLE",5095.6333,
4421571872345707520,229.66578532140602,2.8317779307120423,2.056111555755551,0.7635936533208915,,,19.19179,,,,"NOT_AVAILABLE",,
4421573143657594752,229.60207792244668,0.16728579291042817,2.0980695112011154,0.19435600008453097,0.793375237668476,0.23029297899832446,18.192255,0.71365166,,,"NOT_AVAILABLE",,
4421573586041971968,229.63531144006163,0.04185441039411487,2.1166160927079503,0.03537088248432132,0.2644711202750635,0.046097035636731766,14.787463,0.86408615,,,"NOT_AVAILABLE",5578.9927,
4421573281096697856,229.62148196478327,40.08720296759626,2.120490568908067,21.390621451365057,,,19.722565,,,,"NOT_AVAILABLE",,
4421572903138560000,229.6400225977675,2.0185497308997244,2.08533398730659,2.0131358748488295,,,16.71762,,,,"NOT_AVAILABLE",,
4421572868779124992,229.61894716110066,25.544637844993055,2.078080478638044,43.16773264285916,,,18.599566,,,,"NOT_AVAILABLE",,
4421571872351176960,229.6697554193432,6.1218142086829435,2.0508270412982883,4.472946366160844,,,20.504934,,,,"NOT_AVAILABLE",,
4421572765699758208,229.61107552423076,0.6393157030598313,2.062468809643946,0.9341866284128278,,,17.628311,,,,"NOT_AVAILABLE",,
4421571769266346752,229.6623215816601,40.038933748364435,2.042080574546706,21.389105300911083,,,19.907356,,,,"NOT_AVAILABLE",,
4421572044144728448,229.6382219687291,0.08725367965297147,2.05774322657516,0.08170510165725328,0.4043454062355474,0.10459801755429124,16.68343,0.9399309,,,"NOT_AVAILABLE",5095.6333,
4421572765699774720,229.61702116906443,0.24945783010307798,2.068195617732688,0.3693130928933869,1.8343691400515076,0.30265278487771613,17.811758,,,,"NOT_AVAILABLE",,
4421572044144863488,229.63483438953776,4.475315507009316,2.062011274752092,4.7161432103206105,,,18.193604,,,,"NOT_AVAILABLE",,
4421572009788802176,229.61912989455047,0.438894072542398,2.0560258488632774,0.6033910088495431,,,18.745047,,,,"NOT_AVAILABLE",,
4421573246736809088,229.60331074190265,1.0664473389911753,2.0987583361589426,0.5565628945275185,,,18.576973,0.76454544,,,"NOT_AVAILABLE",,
4421573178017283072,229.6118435463802,0.22075767480420028,2.101257456635805,0.18411485230778837,0.26029101679495037,0.22590608865022843,18.459692,0.49424553,,,"NOT_AVAILABLE",,
4421572765702387456,229.61081570757008,16.683847557908706,2.0648504557668765,28.47985010807536,,,17.976368,0.7536621,,,"NOT_AVAILABLE",,
4421573281096697984,229.61958124929444,0.19052447258879487,2.1193322625354147,0.12652950370427954,0.011102398473638466,0.16911325187151485,17.825897,0.72101974,,,"NOT_AVAILABLE",,
4421478929254163328,229.6074507319876,0.6553928709504261,2.056715257879281,0.8283501059746761,,,19.421352,0.9323616,,,"NOT_AVAILABLE",,
4421573040578292736,229.5900129379288,0.26718637963696384,2.0851545282298547,0.24765168715747957,0.8511119188491431,0.3035493675615807,18.790932,0.6321697,,,"NOT_AVAILABLE",,
4421571941065341184,229.62708849574477,0.8331748344133243,2.041282108279855,0.48530498235212444,0.3112740559325697,0.6610487906123689,18.979696,,,,"NOT_AVAILABLE",,
4421573178017283200,229.6113969672261,4.003479844909737,2.1009595372848127,4.10064026399896,,,18.969297,,,,"NOT_AVAILABLE",,
4421573349817616256,229.66995546163926,15.063374894976793,2.0995680204183884,25.77718460180661,,,18.243208,,,,"NOT_AVAILABLE",,
4421573281096766208,229.6066917575186,27.16662282839244,2.1170332941987806,1.0059681788895416,,,18.406532,,,,"NOT_AVAILABLE",,
4421573379883547264,229.6475941633547,0.06263330888599891,2.110567953194833,0.05685128811391349,-0.3228622531600423,0.0731347366774696,15.618668,0.98315334,,,"NOT_AVAILABLE",5266.6665,
4421571975425079424,229.65243834261693,0.8308635342052492,2.056727422328642,0.40504675177410815,,,18.038778,,,,"NOT_AVAILABLE",,
4421573212376984832,229.62176246038354,1.769699706401146,2.105338456259364,0.967865777560938,,,17.329983,0.8584652,,,"NOT_AVAILABLE",,
4421573143657594240,229.6004995842657,0.16789268729175474,2.0970102636272423,0.14533813881644575,-0.15702231492170582,0.18716215491168808,18.31911,0.69628716,,,"NOT_AVAILABLE",,
4421573659053871104,229.62756983642197,2.109499390149399,2.1282757905690044,0.9453476436917645,,,19.275757,,,,"NOT_AVAILABLE",,
4421571769266346368,229.66220973909947,1.9943765347979308,2.0424372053796214,1.020625759317774,,,19.44043,0.8376808,,,"NOT_AVAILABLE",,
4421573590334190080,229.6310852292993,0.4679729033158489,2.11609661249182,0.27861459498264846,,,17.808666,,,,"NOT_AVAILABLE",,
4421572868779278208,229.6152891608315,0.30367996393969976,2.082792022704184,1.338583032526217,,,18.250729,0.50811195,,,"NOT_AVAILABLE",,
4421571872351178496,229.66855728267203,7.730212902466806,2.048679634783693,10.612604567339393,,,20.438976,,,,"NOT_AVAILABLE",,
4421573418535111808,229.65681738597388,0.09503582864024279,2.109364702557815,0.15221116322866396,-0.386887181064822,0.14541921239444494,15.978741,0.394845,,,"NOT_AVAILABLE",5574.0,
4421573384175590400,229.64230098903604,1.256996871555254,2.112506150463729,0.547621051968006,,,18.6189,,,,"NOT_AVAILABLE",,
4421571872345696640,229.66814041116817,0.9782351466577152,2.0570848401703685,0.5105306769141006,,,18.86746,,,,"NOT_AVAILABLE",,
4421572834421863808,229.60924933481007,16.048534400920644,2.0673997625011817,27.383155312809308,,,18.827501,,,,"NOT_AVAILABLE",,
4421573659053871232,229.62801696001173,1.2940389045398215,2.128197606426115,0.5510812398087087,,,19.046951,,,,"NOT_AVAILABLE",,
4421571906710202752,229.6813886504629,0.037519101761675354,2.0623361799458073,0.03988430584408787,-0.03257259248632508,0.05114879863806678,15.242266,1.0548658,,,"NOT_AVAILABLE",5159.1323,
4421572834422528512,229.59671397826247,0.4879530355365302,2.0709925779819733,0.6433796379208562,,,18.887115,0.70469475,,,"NOT_AVAILABLE",,
4421572559543632896,229.67585682124684,1.7259512860604889,2.0901983418228984,10.370999590787324,,,18.903166,,,,"NOT_AVAILABLE",,
4421572147224080128,229.65368515994538,1.5944206352574095,2.0738592951340014,0.4320711951098665,,,17.8884,,,,"NOT_AVAILABLE",,
4421572486530313088,229.68075329429752,0.13910316934500075,2.080281052880908,0.1583361914400686,0.15342351434614243,0.20787659970612754,17.90631,0.7339535,,,"NOT_AVAILABLE",,
4421571902414760704,229.680622725881,0.1577411899358474,2.059936180815667,0.14700094341222555,-0.13050031214343094,0.20688942130442708,17.749496,0.74432945,,,"NOT_AVAILABLE",,
4421572765702386944,229.61639511820692,23.33157929369994,2.0560071265256012,40.11816537346668,,,19.385122,,,,"NOT_AVAILABLE",,
4421572971858492544,229.62980760573166,2.7369461428939306,2.0917778442198505,4.1083632037973885,,,18.00918,,,,"NOT_AVAILABLE",,
4421572559543633024,229.67609858618536,5.9384319122011116,2.0900566743942464,14.83625493328128,,,19.14437,,,,"NOT_AVAILABLE",,
4421573379883546624,229.64672812801652,2.4919296040727965,2.113064660385274,1.2334908128348971,,,17.430048,0.61603737,,,"NOT_AVAILABLE",,
4421572009788132224,229.61859919188353,23.400290019765414,2.055486873302303,40.09804387749932,,,18.761719,,,,"NOT_AVAILABLE",,
4421571941068958336,229.6336348137815,1.5486332990925684,2.0367236469409504,0.9409433596818401,,,19.574028,,,,"NOT_AVAILABLE",,
4421571906705434752,229.67357469308803,0.21037634352614842,2.0604537293658645,0.16618334178100272,0.2466024812033005,0.21911467228046727,18.457077,0.66137886,,,"NOT_AVAILABLE",,
4421572486530312704,229.68034813242087,0.04675255567445409,2.072819847374086,0.04627298424042312,0.03274824134440636,0.055692331442991,15.303791,1.0674973,,,"NOT_AVAILABLE",5054.0073,
4421573349817615744,229.6659183191956,21.226800016311728,2.1062582409417354,36.20456126730129,,,18.367737,,,,"NOT_AVAILABLE",,
4421572971858492416,229.63014593173395,0.8350728728946363,2.0917980079186664,0.42204183821010743,,,17.301779,,,,"NOT_AVAILABLE",,
4421478929254163968,229.6079049210725,0.7245700928282324,2.0558963268345605,1.0984294592451274,,,19.736572,,,,"NOT_AVAILABLE",,
4421573379883546752,229.64709977903655,0.31467079076231075,2.1119084032348194,0.29089525207428973,0.49098707050077417,0.37871814042420127,16.597452,0.8305197,,,"NOT_AVAILABLE",5190.3335,
4421573418535109120,229.65756186633055,0.06772847843618635,2.10970037570701,0.12668747097209013,0.5345514419755683,0.13347782985767312,16.441032,0.94249916,,,"NOT_AVAILABLE",5190.3335,
4421572937502497408,229.64353390878384,10.291992432890625,2.083957706358945,18.179263450340514,,,16.140001,,,,"NOT_AVAILABLE",,
4421572181583774080,229.66343138016416,0.16844576118143575,2.0772033493324837,0.18148250756991885,0.39852103289803437,0.22773089015794623,17.928453,0.6133423,,,"NOT_AVAILABLE",,
4421572971858528640,229.62531853703996,59.4553647604859,2.091395937554069,31.720646542516867,,,17.610758,,,,"NOT_AVAILABLE",,
4421573384176506752,229.6544579136206,0.2533988487347777,2.1104330990084805,0.1747552523142014,0.3556293072292901,0.23267851099654846,17.990696,0.68102646,,,"NOT_AVAILABLE",,
4421573074938067200,229.59420673568258,0.16045759175120675,2.0898744001112948,0.16755452982462113,0.273948201923506,0.2175120308901997,18.245926,0.6738491,,,"NOT_AVAILABLE",,
4421571941065342592,229.62986942426187,7.895133176243349,2.042508210501748,0.8579489609029728,,,19.25605,,,,"NOT_AVAILABLE",,
4421573620401715456,229.6471575969999,0.018778204393041384,2.12776468473278,0.01707499268443372,0.1327745177614535,0.02182153137875532,13.053659,1.3640804,65.17473384128121,1.9628174476294284,"NOT_AVAILABLE",4834.8374,0.4285
4421573384175388800,229.64901993637127,0.22313879183207525,2.1052403639447363,0.19686064084225463,-0.7278071747222037,0.2574100493799666,17.871502,0.6300144,,,"NOT_AVAILABLE",,
4421572868779126016,229.6128692368579,0.5885809839466275,2.0746749637601893,0.9409139777856188,,,18.233381,,,,"NOT_AVAILABLE",,
4421572078508926592,229.65410264576758,0.7627351150483641,2.0601800532070214,0.40211569542763664,,,17.161692,0.90278053,,,"NOT_AVAILABLE",,
4421573281096750592,229.60637664289362,1.608252069583309,2.1148583072144715,0.7206465409291286,,,19.35982,0.46569252,,,"NOT_AVAILABLE",,
4421572486530312448,229.6802820792618,0.06009795280336426,2.0889528633802468,0.06552660712355363,0.30502418190006736,0.0868499164839411,16.082558,-0.045855522,,,"NOT_AVAILABLE",9537.25,
4421572490821268224,229.67695454298592,0.5010830644115285,2.077744783554875,0.4862365502014824,2.596675732512947,0.5403919541968949,18.716938,0.67193604,,,"NOT_AVAILABLE",,
4421571769266347776,229.6558015023339,1.1471415752362626,2.038176337829168,0.547612994491103,,,18.842928,0.71100235,,,"NOT_AVAILABLE",,
4421571769266347648,229.65542216952417,12.378566261408944,2.0379968208187904,9.567966279042015,,,20.410576,,,,"NOT_AVAILABLE",,
4421573418535326336,229.64832751377924,0.2102116478544908,2.116447500527001,0.16560682140578722,0.024712272096947943,0.21155951000536818,18.526974,0.49495697,,,"NOT_AVAILABLE",,
4421572868783116160,229.61965015095785,0.06680707575929114,2.0824029180549326,0.07595971477218513,-0.442135506807864,0.09331606804119497,15.987098,,,,"NOT_AVAILABLE",,
4421573074940323840,229.6042160017425,13.839741060031294,2.085005618780428,23.51246028579798,,,18.48715,0.71689606,,,"NOT_AVAILABLE",,
4421478173339920000,229.6124725949161,17.629816204250254,2.048606909065815,29.990742046157767,,,19.24019,,,,"NOT_AVAILABLE",,
4421478104619816704,229.6255302632507,0.2684156233792171,2.0404901588452162,0.16597052722433114,0.36046687492146023,0.21804079636718035,18.344904,0.62841034,,,"NOT_AVAILABLE",,
4421572009785126144,229.6239413030685,0.28735639571981814,2.055293581477416,0.1587925861140016,1.1848437114590014,0.2288090794147716,17.591677,0.86686707,,,"NOT_AVAILABLE",,
4421573178017158016,229.62190889610025,80.08953644264932,2.100062246884851,46.27997286915644,,,18.987175,,,,"NOT_AVAILABLE",,
4421571941065342336,229.62987492608195,2.0740799735265543,2.0432781034124297,0.6169417377854552,,,19.200502,,,,"NOT_AVAILABLE",,
4421572834421852928,229.60951311215453,1.497204327061652,2.070050212589717,2.4728159530168656,,,18.273207,,,,"NOT_AVAILABLE",,
4421572559543669376,229.66631604883446,9.801349021079105,2.0952392387753522,16.727277119037616,,,18.216541,0.9446621,,,"NOT_AVAILABLE",,
4421573006222069504,229.64259668652792,0.9036802338155034,2.09703223530332,0.8108222841877005,,,18.109463,,,,"NOT_AVAILABLE",,
4421572903138561280,229.63788912151563,0.25880417063514377,2.0833797347748355,0.5779231783948545,-2.83074123414505,0.8121443950822388,14.945648,,,,"NOT_AVAILABLE",,
4421572559543638656,229.67137996318442,33.463634097432035,2.0963523351127265,60.16424729358135,,,19.54148,,,,"NOT_AVAILABLE",,
4421573620401716864,229.64932302954443,0.09586809548379244,2.1251526954107107,0.08375556164238639,0.09972690240560862,0.10893212976676399,17.417204,0.8444767,,,"NOT_AVAILABLE",,
4421571941069942400,229.6361381433409,0.34577881069523253,2.0361196580817964,0.2694032516794989,0.5000898548516716,0.32752339585969503,18.983078,,,,"NOT_AVAILABLE",,
4421572490821270656,229.68190037913118,0.17233627041748534,2.0809644572897548,0.1959959330056311,0.09027363226249903,0.2551030131322934,18.28599,0.7342148,,,"NOT_AVAILABLE",,
4421573624693928064,229.65014172717764,0.21371402803334674,2.127781023298809,0.15714326961226355,0.8067835693462676,0.2061674275606922,18.455976,0.50295067,,,"NOT_AVAILABLE",,
4421572937498451200,229.64524487833958,0.38131049212571705,2.086684791872654,0.19660218000706509,,,14.757538,0.47054482,,,"NOT_AVAILABLE",5967.0,
4421572044144891136,229.6310709751645,1.2718809921879999,2.062621965929584,1.3851454467577555,,,17.951344,0.62337875,,,"NOT_AVAILABLE",,
4421572559543672832,229.67295075178816,11.206113430116927,2.084771796801112,4.731210966742794,,,18.868591,,,,"NOT_AVAILABLE",,
4421572834419556480,229.60350114927047,0.16690799808579623,2.07737674127193,0.18249091575231288,0.19906337872797203,0.2328361922211289,17.996807,0.6909466,,,"NOT_AVAILABLE",,
4421572009785125888,229.61864466283728,24.243476609815847,2.052512495398874,40.99675381429758,,,19.136808,,,,"NOT_AVAILABLE",,
4421571872345697792,229.65947618312993,0.5357141459070736,2.0517825281506,0.25966516163691405,-0.506887413013709,0.44995054836070625,18.543867,0.6394329,,,"NOT_AVAILABLE",,
4421571769266310912,229.66023401516924,0.34204469429029577,2.0375756248740595,0.2316762880704671,0.020739495914712313,0.3053097778262256,18.868517,0.5896206,,,"NOT_AVAILABLE",,
4421573659053872128,229.62645927482276,0.21392431915571772,2.127337356425833,0.17276144787348874,-0.3062778354569547,0.22345999417486295,18.247152,0.6414108,,,"NOT_AVAILABLE",,
4421573040578203776,229.59290212971925,0.18488472663526942,2.081870699647358,0.16712514671060222,1.2950210855880333,0.2091105337969304,17.852758,0.72709084,,,"NOT_AVAILABLE",,
4421478929254164608,229.60331814671952,17.748481331866703,2.0610404368496478,30.225434646345686,,,19.187834,,,,"NOT_AVAILABLE",,
4421572971862330368,229.62562939002376,58.41701736294245,2.086049527937096,31.171118698184628,,,16.595118,,,,"NOT_AVAILABLE",,
4421573418535088896,229.66218970772965,0.37906567540397734,2.1118601274393494,0.6287437489131812,-0.18253185238639213,0.7050646427132126,18.890457,0.76947975,,,"NOT_AVAILABLE",,
4421572559543638400,229.67086513892227,10.618096269462326,2.096110402313172,18.122415097547787,,,17.992538,,,,"NOT_AVAILABLE",,
4421573379883548416,229.6494915214768,0.021091039192766458,2.109597165219026,0.02082060168418806,0.16782832909135925,0.025204686734066346,13.12662,1.3520861,,,"NOT_AVAILABLE",4610.0,0.368
4421572834419556352,229.60371990284227,0.4381105299765326,2.0778439035329197,0.6423185181504202,0.9710069721440006,0.6441598497693922,18.556175,,,,"NOT_AVAILABLE",,
4421478104619816576,229.6257927377208,0.9006251383791493,2.0407870687912006,0.5667860219285926,,,19.162111,,,,"NOT_AVAILABLE",,
4421572834419428096,229.5993460288598,0.6328729373396995,2.0677262994468064,0.9378886459919364,,,17.983318,,,,"NOT_AVAILABLE",,
4421573349817620608,229.66515342870375,0.380130307017683,2.106371472846833,0.5626571242148733,,,18.392366,0.68012047,,,"NOT_AVAILABLE",,
4421571902414761856,229.68259641023585,1.805231732156024,2.0600855447421442,4.599929683656752,,,18.955574,,,,"NOT_AVAILABLE",,
4421572765702375808,229.61730428456318,0.475402055115113,2.055839825959398,0.685628914483698,,,19.100168,0.6462002,,,"NOT_AVAILABLE",,
4421571734906572416,229.6533880713374,2.189464936281645,2.033285889067264,1.0245975026313883,,,20.193512,,,,"NOT_AVAILABLE",,
4421572937498263936,229.64151685429758,2.0499841246565613,2.089035786176538,1.684296917332471,,,16.573849,,,,"NOT_AVAILABLE",,
4421572280371883776,229.68228528150644,0.037922760436558824,2.070002304636768,0.04540674891140401,0.15710425386246807,0.05586161336383972,15.383806,1.0580215,,,"NOT_AVAILABLE",5154.0,
4421572559543638016,229.67215415899008,15.542816126789255,2.0952360601946576,26.405663143159618,,,18.343124,,,,"NOT_AVAILABLE",,
4421572765699756544,229.61637277292226,32.76978300167389,2.0662014225147884,59.483262619112274,,,18.762735,,,,"NOT_AVAILABLE",,
4421572937503064960,229.64579533925803,0.45420824634773765,2.0949653068200735,0.87751147494012,,,17.537622,,,,"NOT_AVAILABLE",,
4421572112864031616,229.67046309761815,0.3422378903121705,2.0686084922286003,0.19152218146973443,0.2912718119441377,0.2598503842532376,17.932613,0.80269814,,,"NOT_AVAILABLE",,
4421573349817620736,229.66726921205364,17.231371972624366,2.102954352324016,29.372793964090754,,,19.079342,0.60424614,,,"NOT_AVAILABLE",,
4421478929254164864,229.60862700076677,0.245222922380764,2.054501888486806,0.30554149605492337,0.11801535058363688,0.3874502643273977,18.300194,0.6899166,,,"NOT_AVAILABLE",,
4421573590334191104,229.6347513483823,3.7621842749458665,2.1178080203445235,2.2608094770124194,,,19.604172,,,,"NOT_AVAILABLE",,
4421572903138558720,229.63212268458642,0.11208048367799281,2.080531561228385,0.14884690547883947,0.18776137790290384,0.1654258173485712,14.337971,1.0157471,,,"NOT_AVAILABLE",5143.45,
4421573006222541568,229.64435501291237,0.8010378182389729,2.0979282029164112,0.7196648686141532,,,17.825323,0.57858086,,,"NOT_AVAILABLE",,
4421571769271250176,229.65468579933335,4.200221445291365,2.0474496743727335,2.3082014366363923,,,18.640833,,,,"NOT_AVAILABLE",,
4421572937502552448,229.6475653193937,0.6851392383215779,2.08488066430214,1.08570292557113,,,15.370464,0.86632633,,,"NOT_AVAILABLE",5095.6333,
4421573521616260480,229.66051780210307,0.371613659933938,2.125263296344315,0.5519369684245742,0.3979271211848237,0.534399258320459,19.145144,0.7209091,,,"NOT_AVAILABLE",,
4421571906705435776,229.6721986018698,0.9531506889138013,2.05995424756827,0.531518335370003,,,19.167603,0.6811104,,,"NOT_AVAILABLE",,
4421573246737029376,229.60305536670805,0.16069580492107213,2.1145218986609144,0.12746784479141596,-0.16013990908256323,0.16544335025282544,18.091463,0.776186,,,"NOT_AVAILABLE",,
4421573620401716352,229.64810416241187,0.03499376952243528,2.1296542737075317,0.032113025889664325,0.09823997209917884,0.03983302700165306,15.38998,1.0490856,,,"NOT_AVAILABLE",5171.0,
4421572490821270912,229.67849109616313,0.09889099661408125,2.078858011998279,0.12166459594560686,0.27484064129475755,0.15912847586340623,17.364426,0.9040432,,,"NOT_AVAILABLE",,
4421573590334191232,229.63470519884643,47.11193336632059,2.118222059258554,25.19667419053355,,,19.1433,,,,"NOT_AVAILABLE",,
4421478104619816960,229.61728015734332,10.138267734345423,2.035713858349931,3.879792341156968,,,19.351122,,,,"NOT_AVAILABLE",,
4421572147224161664,229.65053761596107,1.79502188920163,2.0763637727393136,8.099797269354696,,,17.421295,,,,"NOT_AVAILABLE",,
4421572903142813696,229.63600921063093,0.09676799785923834,2.077622444751352,0.10992813015530885,0.6990065283643873,0.13909774199322736,14.228429,,,,"NOT_AVAILABLE",,
4421572903138484480,229.6421920499681,0.07307654736986353,2.079193918748653,0.06445488940093119,-0.07280246797856496,0.08615620319658576,14.245817,0.93788433,,,"NOT_AVAILABLE",5095.6333,
4421571872350465024,229.66343919711343,0.728703401777639,2.0515881498477277,0.38287703364674697,0.04275798273405058,0.4371405888448917,19.03269,,,,"NOT_AVAILABLE",,
4421572868779122944,229.62269158347348,0.09610854242931512,2.0800164767267724,0.09329622588294374,0.8542152771504337,0.11919459906376477,16.098635,0.85511494,,,"NOT_AVAILABLE",5095.6333,
4421572765699756160,229.61573802222458,15.806740720283475,2.0660876145384526,26.986188814769843,,,17.362597,0.81853676,,,"NOT_AVAILABLE",,
4421571734911509376,229.63984035432668,1.7590290914998166,2.036205783212701,0.8313105248748399,,,18.248205,,,,"NOT_AVAILABLE",,
4421572937503064448,229.650888396571,9.853220045073957,2.0884183980751176,13.589676004436878,,,18.190477,,,,"NOT_AVAILABLE",,
4421573384179207680,229.65502144505743,2.135798862307048,2.1094329169286197,2.7693570102203764,,,18.521397,,,,"NOT_AVAILABLE",,
4421573040580959232,229.59460065686474,0.4702059861747119,2.0742841765209112,0.5997985359275732,,,18.843653,0.66971207,,,"NOT_AVAILABLE",,
4421572765702377344,229.61201963612896,0.21911901642734602,2.0642860837374752,0.2830492234301111,,,17.562576,0.7966194,,,"NOT_AVAILABLE",,
4421571734906606336,229.65103268628386,39.7595596453693,2.035177217036589,21.225521761709068,,,19.501776,,,,"NOT_AVAILABLE",,
4421571734906639872,229.64883724535338,0.7725645414984419,2.0368434481616804,0.3933379141661208,-0.32533750396785444,0.39431517695774376,19.239853,0.6875076,,,"NOT_AVAILABLE",,
4421572009784951296,229.62564564290244,0.5247507393341548,2.0471063201790574,0.4783399087949562,-0.2351997676775928,0.7398288357768832,18.965143,0.571579,,,"NOT_AVAILABLE",,
4421571975425077632,229.64293053497124,0.5106856517912376,2.050799442069834,0.236449964316995,,,18.34605,,,,"NOT_AVAILABLE",,
4421572181588819968,229.6560588998175,0.30273098193474307,2.0807032666647283,0.21435782170321585,-8.062272917999353,0.32402073660533637,17.713144,0.7271004,,,"NOT_AVAILABLE",,
4421573006222072192,229.6461133463437,1.7006273598048713,2.099317646613854,3.209439267884817,,,17.830067,,,,"NOT_AVAILABLE",,
4421572486530313600,229.6813757108529,0.15882923690187817,2.0789400912691125,0.1454226272455436,0.4326430080651524,0.19802962248056646,17.845121,0.7581024,,,"NOT_AVAILABLE",,
4421573659053861632,229.62454203718733,1.7280120752474408,2.125659534279294,0.7471852320543231,,,19.52609,,,,"NOT_AVAILABLE",,
4421572971858491008,229.62611286918852,13.122791597175192,2.090549695034079,3.725154901445529,,,17.59608,,,,"NOT_AVAILABLE",,
4421573379883545088,229.64422646338477,0.14433144705904158,2.102859095651791,0.1660361452695116,0.3239278493801721,0.20310275660813015,16.704788,0.8825979,,,"NOT_AVAILABLE",5095.6333,
4421573315457916672,229.66210593497,0.30224449191835967,2.1016966010548646,0.5408841338005235,,,18.106764,0.6960373,,,"NOT_AVAILABLE",,
4421573418537132800,229.6568032142557,21.53211911794655,2.110430910696824,36.35369850177109,,,19.271578,,,,"NOT_AVAILABLE",,
4421573659053861760,229.62485954640135,1.7286488612835613,2.1255156873618195,0.7292406018875935,,,19.538334,,,,"NOT_AVAILABLE",,
4421572765702679936,229.61321369690796,20.141048223764283,2.0665089672002317,34.14397310209303,,,18.893099,,,,"NOT_AVAILABLE",,
4421571734910183808,229.64210428960732,10.20519766281198,2.034558267784122,3.3356451179559383,,,20.514206,0.4295292,,,"NOT_AVAILABLE",,
4421572078507474048,229.65887129227502,4.743102292541667,2.058121429594304,1.3062611740989232,,,19.973127,,,,"NOT_AVAILABLE",,
4421573074940325120,229.60378606714485,1.8525128085325497,2.081690201424068,1.470515660510153,,,19.072618,,,,"NOT_AVAILABLE",,
